Workbook
Name HareketTipleri: Ayarlar!$E$5:$E$8
Name CariTipleri: Ayarlar!$F$5:$F$7
Name Durumlar: Ayarlar!$G$5:$G$6
Name OdemeYontemleri: Ayarlar!$E$12:$E$17
Name CariKodlari: 'Cari Kartlar'!$B$5:$B$204
Name UrunKodlari: 'Ürün Kartlar'!$B$5:$B$204

Sheet Nasıl Kullanılır
A1: Nasıl Kullanılır?
A2: MiniHesap · minihesap.net
B4: Bu dosya ne işe yarar?
B5: Küçük bir işletmenin cari (müşteri/tedarikçi), ürün, stok ve fatura hareketlerini tek dosyada veritabanı mantığıyla yönetir. Bilgiyi bir kez kart olarak tanımlarsınız, sonra hareket girerken listeden seçersiniz; fiyat, KDV, stok ve cari bakiye otomatik hesaplanır.
B7: Dosyanın yapısı
B8: Kart tabloları (bir kez doldurulur): Cari Kartlar, Ürün Kartlar
B9: Hareket tablosu (sürekli doldurulur): Hareketler
B10: Otomatik görünümler (formüllü, elle doldurulmaz): Stok Durumu, Cari Ekstre, Dashboard
B12: Adım adım
B13: 1. AYARLAR sayfasında firma bilgilerinizi ve varsayılan KDV oranını girin.
B14: 2. CARİ KARTLAR sayfasına müşteri ve tedarikçilerinizi ekleyin. Her cariye benzersiz bir kod verin (C001, C002...).
B15: 3. ÜRÜN KARTLAR sayfasına sattığınız/aldığınız ürünleri ekleyin. Kod, alış fiyatı, satış fiyatı ve KDV oranını girin.
B16: 4. HAREKETLER sayfasında her alış/satış için bir satır açın. Cari ve ürün sütunlarında açılır listeden seçim yapın.
B17: 5. Birim fiyat ve KDV oranı ürün kartından otomatik gelir; isterseniz üzerine yazabilirsiniz.
... B28: Bu dosyadaki hesaplamalar bilgilendirme amaçlıdır; resmî defter, bordro veya mali müşavir hizmeti yerine geçmez. © MiniHesap

Sheet Ayarlar
A1: Ayarlar
A2: Firma bilgileri ve liste tanımları
B4: Firma Adı | C4: Örnek Ticaret Ltd. Şti. | E4: Hareket Tipleri | F4: Cari Tipleri | G4: Durum
B5: Vergi Dairesi | E5: Satış | F5: Müşteri | G5: Aktif
B6: Vergi No | E6: Alış | F6: Tedarikçi | G6: Pasif
B7: Telefon | E7: Tahsilat | F7: Her İkisi
B8: E-posta | E8: Ödeme
B9: Varsayılan KDV Oranı | C9: 0.2
E11: Ödeme Yöntemleri
B12: Bu sayfadaki listeler diğer sayfalardaki açılır menüleri besler. Liste öğesi eklerseniz menüler otomatik genişlemez; yeni öğeyi listenin boş satırına yazın. | E12: Nakit
E13: Banka
E14: Kredi Kartı
E15: Çek
E16: Senet
E17: Açık Hesap

Sheet Cari Kartlar
A1: Cari Kartlar
A2: Müşteri ve tedarikçi tanımları · her carinin kodu benzersiz olmalı
B4: Cari Kodu | C4: Unvan / Ad Soyad | D4: Tip | E4: Vergi No / TCKN | F4: Telefon | G4: E-posta | H4: Açılış Bakiyesi | I4: Durum
B5: C001 | C5: Aydın Ticaret Ltd. Şti. | D5: Müşteri | E5: 1234567890 | F5: 0212 000 00 00 | G5: info@aydinticaret.com | H5: 0 | I5: Aktif
B6: C002 | C6: Beta Yazılım A.Ş. | D6: Müşteri | E6: 2345678901 | F6: 0216 000 00 00 | G6: muhasebe@betayazilim.com | H6: 0 | I6: Aktif
B7: C003 | C7: Deniz Toptan Gıda | D7: Tedarikçi | E7: 3456789012 | F7: 0232 000 00 00 | G7: siparis@deniztoptan.com | H7: 0 | I7: Aktif

Sheet Ürün Kartlar
A1: Ürün Kartlar
A2: Ürün ve hizmet tanımları · fiyatlar hareket girerken otomatik gelir
B4: Ürün Kodu | C4: Ürün / Hizmet Adı | D4: Birim | E4: Alış Fiyatı | F4: Satış Fiyatı | G4: KDV | H4: Açılış Stoğu | I4: Kritik Stok
B5: U001 | C5: A Serisi Ürün | D5: Adet | E5: 850 | F5: 1200 | G5: 0.2 | H5: 100 | I5: 20
B6: U002 | C6: B Serisi Ürün | D6: Adet | E6: 420 | F6: 650 | G6: 0.2 | H6: 250 | I6: 50
B7: U003 | C7: Aylık Bakım Hizmeti | D7: Ay | E7: 0 | F7: 8000 | G7: 0.2 | H7: 0 | I7: 0

Sheet Hareketler
A1: Hareketler
A2: Her alış/satış için bir satır · cari ve ürün sütunlarında listeden seçin, gerisi otomatik
B4: Tarih | C4: Tip | D4: Cari Kodu | E4: Cari Unvan | F4: Ürün Kodu | G4: Ürün Adı | H4: Miktar | I4: Birim Fiyat | J4: KDV | K4: Matrah | L4: KDV Tutarı | M4: Toplam | N4: Ödeme | O4: Belge No | P4: Açıklama
B5: 46251.875 | C5: Satış | D5: C001 | E5: =IFERROR(IF($D5="","",VLOOKUP($D5,'Cari Kartlar'!$B$5:$C$204,2,FALSE)),"— tanımsız cari —") | F5: U001 | G5: =IFERROR(IF($F5="","",VLOOKUP($F5,'Ürün Kartlar'!$B$5:$C$204,2,FALSE)),"— tanımsız ürün —") | H5: 40 | I5: =IFERROR(IF($F5="","",IF($C5="Alış",VLOOKUP($F5,'Ürün Kartlar'!$B$5:$E$204,4,FALSE),VLOOKUP($F5,'Ürün Kartlar'!$B$5:$F$204,5,FALSE))),"") | J5: =IFERROR(IF($F5="",Ayarlar!$C$9,VLOOKUP($F5,'Ürün Kartlar'!$B$5:$G$204,6,FALSE)),Ayarlar!$C$9) | K5: =IF(OR($H5="",$I5=""),0,$H5*$I5) | L5: =$K5*$J5 | M5: =$K5+$L5 | N5: Banka | O5: SAT2026000141 | P5: Toptan ürün satışı
B6: 46259.875 | C6: Alış | D6: C003 | E6: =IFERROR(IF($D6="","",VLOOKUP($D6,'Cari Kartlar'!$B$5:$C$204,2,FALSE)),"— tanımsız cari —") | F6: U002 | G6: =IFERROR(IF($F6="","",VLOOKUP($F6,'Ürün Kartlar'!$B$5:$C$204,2,FALSE)),"— tanımsız ürün —") | H6: 120 | I6: =IFERROR(IF($F6="","",IF($C6="Alış",VLOOKUP($F6,'Ürün Kartlar'!$B$5:$E$204,4,FALSE),VLOOKUP($F6,'Ürün Kartlar'!$B$5:$F$204,5,FALSE))),"") | J6: =IFERROR(IF($F6="",Ayarlar!$C$9,VLOOKUP($F6,'Ürün Kartlar'!$B$5:$G$204,6,FALSE)),Ayarlar!$C$9) | K6: =IF(OR($H6="",$I6=""),0,$H6*$I6) | L6: =$K6*$J6 | M6: =$K6+$L6 | N6: Banka | O6: ALS2026000318 | P6: Stok alımı
B7: 46265.875 | C7: Satış | D7: C002 | E7: =IFERROR(IF($D7="","",VLOOKUP($D7,'Cari Kartlar'!$B$5:$C$204,2,FALSE)),"— tanımsız cari —") | F7: U003 | G7: =IFERROR(IF($F7="","",VLOOKUP($F7,'Ürün Kartlar'!$B$5:$C$204,2,FALSE)),"— tanımsız ürün —") | H7: 1 | I7: =IFERROR(IF($F7="","",IF($C7="Alış",VLOOKUP($F7,'Ürün Kartlar'!$B$5:$E$204,4,FALSE),VLOOKUP($F7,'Ürün Kartlar'!$B$5:$F$204,5,FALSE))),"") | J7: =IFERROR(IF($F7="",Ayarlar!$C$9,VLOOKUP($F7,'Ürün Kartlar'!$B$5:$G$204,6,FALSE)),Ayarlar!$C$9) | K7: =IF(OR($H7="",$I7=""),0,$H7*$I7) | L7: =$K7*$J7 | M7: =$K7+$L7 | N7: Açık Hesap | O7: SAT2026000158 | P7: Aylık bakım
E8: =IFERROR(IF($D8="","",VLOOKUP($D8,'Cari Kartlar'!$B$5:$C$204,2,FALSE)),"— tanımsız cari —") | G8: =IFERROR(IF($F8="","",VLOOKUP($F8,'Ürün Kartlar'!$B$5:$C$204,2,FALSE)),"— tanımsız ürün —") | I8: =IFERROR(IF($F8="","",IF($C8="Alış",VLOOKUP($F8,'Ürün Kartlar'!$B$5:$E$204,4,FALSE),VLOOKUP($F8,'Ürün Kartlar'!$B$5:$F$204,5,FALSE))),"") | J8: =IFERROR(IF($F8="",Ayarlar!$C$9,VLOOKUP($F8,'Ürün Kartlar'!$B$5:$G$204,6,FALSE)),Ayarlar!$C$9) | K8: =IF(OR($H8="",$I8=""),0,$H8*$I8) | L8: =$K8*$J8 | M8: =$K8+$L8
E9: =IFERROR(IF($D9="","",VLOOKUP($D9,'Cari Kartlar'!$B$5:$C$204,2,FALSE)),"— tanımsız cari —") | G9: =IFERROR(IF($F9="","",VLOOKUP($F9,'Ürün Kartlar'!$B$5:$C$204,2,FALSE)),"— tanımsız ürün —") | I9: =IFERROR(IF($F9="","",IF($C9="Alış",VLOOKUP($F9,'Ürün Kartlar'!$B$5:$E$204,4,FALSE),VLOOKUP($F9,'Ürün Kartlar'!$B$5:$F$204,5,FALSE))),"") | J9: =IFERROR(IF($F9="",Ayarlar!$C$9,VLOOKUP($F9,'Ürün Kartlar'!$B$5:$G$204,6,FALSE)),Ayarlar!$C$9) | K9: =IF(OR($H9="",$I9=""),0,$H9*$I9) | L9: =$K9*$J9 | M9: =$K9+$L9
E10: =IFERROR(IF($D10="","",VLOOKUP($D10,'Cari Kartlar'!$B$5:$C$204,2,FALSE)),"— tanımsız cari —") | G10: =IFERROR(IF($F10="","",VLOOKUP($F10,'Ürün Kartlar'!$B$5:$C$204,2,FALSE)),"— tanımsız ürün —") | I10: =IFERROR(IF($F10="","",IF($C10="Alış",VLOOKUP($F10,'Ürün Kartlar'!$B$5:$E$204,4,FALSE),VLOOKUP($F10,'Ürün Kartlar'!$B$5:$F$204,5,FALSE))),"") | J10: =IFERROR(IF($F10="",Ayarlar!$C$9,VLOOKUP($F10,'Ürün Kartlar'!$B$5:$G$204,6,FALSE)),Ayarlar!$C$9) | K10: =IF(OR($H10="",$I10=""),0,$H10*$I10) | L10: =$K10*$J10 | M10: =$K10+$L10
E11: =IFERROR(IF($D11="","",VLOOKUP($D11,'Cari Kartlar'!$B$5:$C$204,2,FALSE)),"— tanımsız cari —") | G11: =IFERROR(IF($F11="","",VLOOKUP($F11,'Ürün Kartlar'!$B$5:$C$204,2,FALSE)),"— tanımsız ürün —") | I11: =IFERROR(IF($F11="","",IF($C11="Alış",VLOOKUP($F11,'Ürün Kartlar'!$B$5:$E$204,4,FALSE),VLOOKUP($F11,'Ürün Kartlar'!$B$5:$F$204,5,FALSE))),"") | J11: =IFERROR(IF($F11="",Ayarlar!$C$9,VLOOKUP($F11,'Ürün Kartlar'!$B$5:$G$204,6,FALSE)),Ayarlar!$C$9) | K11: =IF(OR($H11="",$I11=""),0,$H11*$I11) | L11: =$K11*$J11 | M11: =$K11+$L11
E12: =IFERROR(IF($D12="","",VLOOKUP($D12,'Cari Kartlar'!$B$5:$C$204,2,FALSE)),"— tanımsız cari —") | G12: =IFERROR(IF($F12="","",VLOOKUP($F12,'Ürün Kartlar'!$B$5:$C$204,2,FALSE)),"— tanımsız ürün —") | I12: =IFERROR(IF($F12="","",IF($C12="Alış",VLOOKUP($F12,'Ürün Kartlar'!$B$5:$E$204,4,FALSE),VLOOKUP($F12,'Ürün Kartlar'!$B$5:$F$204,5,FALSE))),"") | J12: =IFERROR(IF($F12="",Ayarlar!$C$9,VLOOKUP($F12,'Ürün Kartlar'!$B$5:$G$204,6,FALSE)),Ayarlar!$C$9) | K12: =IF(OR($H12="",$I12=""),0,$H12*$I12) | L12: =$K12*$J12 | M12: =$K12+$L12
E13: =IFERROR(IF($D13="","",VLOOKUP($D13,'Cari Kartlar'!$B$5:$C$204,2,FALSE)),"— tanımsız cari —") | G13: =IFERROR(IF($F13="","",VLOOKUP($F13,'Ürün Kartlar'!$B$5:$C$204,2,FALSE)),"— tanımsız ürün —") | I13: =IFERROR(IF($F13="","",IF($C13="Alış",VLOOKUP($F13,'Ürün Kartlar'!$B$5:$E$204,4,FALSE),VLOOKUP($F13,'Ürün Kartlar'!$B$5:$F$204,5,FALSE))),"") | J13: =IFERROR(IF($F13="",Ayarlar!$C$9,VLOOKUP($F13,'Ürün Kartlar'!$B$5:$G$204,6,FALSE)),Ayarlar!$C$9) | K13: =IF(OR($H13="",$I13=""),0,$H13*$I13) | L13: =$K13*$J13 | M13: =$K13+$L13
E14: =IFERROR(IF($D14="","",VLOOKUP($D14,'Cari Kartlar'!$B$5:$C$204,2,FALSE)),"— tanımsız cari —") | G14: =IFERROR(IF($F14="","",VLOOKUP($F14,'Ürün Kartlar'!$B$5:$C$204,2,FALSE)),"— tanımsız ürün —") | I14: =IFERROR(IF($F14="","",IF($C14="Alış",VLOOKUP($F14,'Ürün Kartlar'!$B$5:$E$204,4,FALSE),VLOOKUP($F14,'Ürün Kartlar'!$B$5:$F$204,5,FALSE))),"") | J14: =IFERROR(IF($F14="",Ayarlar!$C$9,VLOOKUP($F14,'Ürün Kartlar'!$B$5:$G$204,6,FALSE)),Ayarlar!$C$9) | K14: =IF(OR($H14="",$I14=""),0,$H14*$I14) | L14: =$K14*$J14 | M14: =$K14+$L14
E15: =IFERROR(IF($D15="","",VLOOKUP($D15,'Cari Kartlar'!$B$5:$C$204,2,FALSE)),"— tanımsız cari —") | G15: =IFERROR(IF($F15="","",VLOOKUP($F15,'Ürün Kartlar'!$B$5:$C$204,2,FALSE)),"— tanımsız ürün —") | I15: =IFERROR(IF($F15="","",IF($C15="Alış",VLOOKUP($F15,'Ürün Kartlar'!$B$5:$E$204,4,FALSE),VLOOKUP($F15,'Ürün Kartlar'!$B$5:$F$204,5,FALSE))),"") | J15: =IFERROR(IF($F15="",Ayarlar!$C$9,VLOOKUP($F15,'Ürün Kartlar'!$B$5:$G$204,6,FALSE)),Ayarlar!$C$9) | K15: =IF(OR($H15="",$I15=""),0,$H15*$I15) | L15: =$K15*$J15 | M15: =$K15+$L15
E16: =IFERROR(IF($D16="","",VLOOKUP($D16,'Cari Kartlar'!$B$5:$C$204,2,FALSE)),"— tanımsız cari —") | G16: =IFERROR(IF($F16="","",VLOOKUP($F16,'Ürün Kartlar'!$B$5:$C$204,2,FALSE)),"— tanımsız ürün —") | I16: =IFERROR(IF($F16="","",IF($C16="Alış",VLOOKUP($F16,'Ürün Kartlar'!$B$5:$E$204,4,FALSE),VLOOKUP($F16,'Ürün Kartlar'!$B$5:$F$204,5,FALSE))),"") | J16: =IFERROR(IF($F16="",Ayarlar!$C$9,VLOOKUP($F16,'Ürün Kartlar'!$B$5:$G$204,6,FALSE)),Ayarlar!$C$9) | K16: =IF(OR($H16="",$I16=""),0,$H16*$I16) | L16: =$K16*$J16 | M16: =$K16+$L16
E17: =IFERROR(IF($D17="","",VLOOKUP($D17,'Cari Kartlar'!$B$5:$C$204,2,FALSE)),"— tanımsız cari —") | G17: =IFERROR(IF($F17="","",VLOOKUP($F17,'Ürün Kartlar'!$B$5:$C$204,2,FALSE)),"— tanımsız ürün —") | I17: =IFERROR(IF($F17="","",IF($C17="Alış",VLOOKUP($F17,'Ürün Kartlar'!$B$5:$E$204,4,FALSE),VLOOKUP($F17,'Ürün Kartlar'!$B$5:$F$204,5,FALSE))),"") | J17: =IFERROR(IF($F17="",Ayarlar!$C$9,VLOOKUP($F17,'Ürün Kartlar'!$B$5:$G$204,6,FALSE)),Ayarlar!$C$9) | K17: =IF(OR($H17="",$I17=""),0,$H17*$I17) | L17: =$K17*$J17 | M17: =$K17+$L17
E18: =IFERROR(IF($D18="","",VLOOKUP($D18,'Cari Kartlar'!$B$5:$C$204,2,FALSE)),"— tanımsız cari —") | G18: =IFERROR(IF($F18="","",VLOOKUP($F18,'Ürün Kartlar'!$B$5:$C$204,2,FALSE)),"— tanımsız ürün —") | I18: =IFERROR(IF($F18="","",IF($C18="Alış",VLOOKUP($F18,'Ürün Kartlar'!$B$5:$E$204,4,FALSE),VLOOKUP($F18,'Ürün Kartlar'!$B$5:$F$204,5,FALSE))),"") | J18: =IFERROR(IF($F18="",Ayarlar!$C$9,VLOOKUP($F18,'Ürün Kartlar'!$B$5:$G$204,6,FALSE)),Ayarlar!$C$9) | K18: =IF(OR($H18="",$I18=""),0,$H18*$I18) | L18: =$K18*$J18 | M18: =$K18+$L18
E19: =IFERROR(IF($D19="","",VLOOKUP($D19,'Cari Kartlar'!$B$5:$C$204,2,FALSE)),"— tanımsız cari —") | G19: =IFERROR(IF($F19="","",VLOOKUP($F19,'Ürün Kartlar'!$B$5:$C$204,2,FALSE)),"— tanımsız ürün —") | I19: =IFERROR(IF($F19="","",IF($C19="Alış",VLOOKUP($F19,'Ürün Kartlar'!$B$5:$E$204,4,FALSE),VLOOKUP($F19,'Ürün Kartlar'!$B$5:$F$204,5,FALSE))),"") | J19: =IFERROR(IF($F19="",Ayarlar!$C$9,VLOOKUP($F19,'Ürün Kartlar'!$B$5:$G$204,6,FALSE)),Ayarlar!$C$9) | K19: =IF(OR($H19="",$I19=""),0,$H19*$I19) | L19: =$K19*$J19 | M19: =$K19+$L19
... E1004: =IFERROR(IF($D1004="","",VLOOKUP($D1004,'Cari Kartlar'!$B$5:$C$204,2,FALSE)),"— tanımsız cari —") | G1004: =IFERROR(IF($F1004="","",VLOOKUP($F1004,'Ürün Kartlar'!$B$5:$C$204,2,FALSE)),"— tanımsız ürün —") | I1004: =IFERROR(IF($F1004="","",IF($C1004="Alış",VLOOKUP($F1004,'Ürün Kartlar'!$B$5:$E$204,4,FALSE),VLOOKUP($F1004,'Ürün Kartlar'!$B$5:$F$204,5,FALSE))),"") | J1004: =IFERROR(IF($F1004="",Ayarlar!$C$9,VLOOKUP($F1004,'Ürün Kartlar'!$B$5:$G$204,6,FALSE)),Ayarlar!$C$9) | K1004: =IF(OR($H1004="",$I1004=""),0,$H1004*$I1004) | L1004: =$K1004*$J1004 | M1004: =$K1004+$L1004

Sheet Stok Durumu
A1: Stok Durumu
A2: Hareketler sayfasından otomatik hesaplanır · elle doldurmayın
B4: Ürün Kodu | C4: Ürün Adı | D4: Birim | E4: Açılış | F4: Giren | G4: Çıkan | H4: Kalan Stok | I4: Kritik Stok | J4: Durum
B5: =IF('Ürün Kartlar'!B5="","",'Ürün Kartlar'!B5) | C5: =IF('Ürün Kartlar'!C5="","",'Ürün Kartlar'!C5) | D5: =IF('Ürün Kartlar'!D5="","",'Ürün Kartlar'!D5) | E5: =IF('Ürün Kartlar'!H5="",0,'Ürün Kartlar'!H5) | F5: =IF($B5="",0,SUMIFS('Hareketler'!$H$5:$H$1004,'Hareketler'!$F$5:$F$1004,$B5,'Hareketler'!$C$5:$C$1004,"Alış")) | G5: =IF($B5="",0,SUMIFS('Hareketler'!$H$5:$H$1004,'Hareketler'!$F$5:$F$1004,$B5,'Hareketler'!$C$5:$C$1004,"Satış")) | H5: =IF($B5="","",$E5+$F5-$G5) | I5: =IF('Ürün Kartlar'!I5="",0,'Ürün Kartlar'!I5) | J5: =IF($B5="","",IF($H5<=0,"STOK YOK",IF($H5<=$I5,"KRİTİK","Yeterli")))
B6: =IF('Ürün Kartlar'!B6="","",'Ürün Kartlar'!B6) | C6: =IF('Ürün Kartlar'!C6="","",'Ürün Kartlar'!C6) | D6: =IF('Ürün Kartlar'!D6="","",'Ürün Kartlar'!D6) | E6: =IF('Ürün Kartlar'!H6="",0,'Ürün Kartlar'!H6) | F6: =IF($B6="",0,SUMIFS('Hareketler'!$H$5:$H$1004,'Hareketler'!$F$5:$F$1004,$B6,'Hareketler'!$C$5:$C$1004,"Alış")) | G6: =IF($B6="",0,SUMIFS('Hareketler'!$H$5:$H$1004,'Hareketler'!$F$5:$F$1004,$B6,'Hareketler'!$C$5:$C$1004,"Satış")) | H6: =IF($B6="","",$E6+$F6-$G6) | I6: =IF('Ürün Kartlar'!I6="",0,'Ürün Kartlar'!I6) | J6: =IF($B6="","",IF($H6<=0,"STOK YOK",IF($H6<=$I6,"KRİTİK","Yeterli")))
B7: =IF('Ürün Kartlar'!B7="","",'Ürün Kartlar'!B7) | C7: =IF('Ürün Kartlar'!C7="","",'Ürün Kartlar'!C7) | D7: =IF('Ürün Kartlar'!D7="","",'Ürün Kartlar'!D7) | E7: =IF('Ürün Kartlar'!H7="",0,'Ürün Kartlar'!H7) | F7: =IF($B7="",0,SUMIFS('Hareketler'!$H$5:$H$1004,'Hareketler'!$F$5:$F$1004,$B7,'Hareketler'!$C$5:$C$1004,"Alış")) | G7: =IF($B7="",0,SUMIFS('Hareketler'!$H$5:$H$1004,'Hareketler'!$F$5:$F$1004,$B7,'Hareketler'!$C$5:$C$1004,"Satış")) | H7: =IF($B7="","",$E7+$F7-$G7) | I7: =IF('Ürün Kartlar'!I7="",0,'Ürün Kartlar'!I7) | J7: =IF($B7="","",IF($H7<=0,"STOK YOK",IF($H7<=$I7,"KRİTİK","Yeterli")))
B8: =IF('Ürün Kartlar'!B8="","",'Ürün Kartlar'!B8) | C8: =IF('Ürün Kartlar'!C8="","",'Ürün Kartlar'!C8) | D8: =IF('Ürün Kartlar'!D8="","",'Ürün Kartlar'!D8) | E8: =IF('Ürün Kartlar'!H8="",0,'Ürün Kartlar'!H8) | F8: =IF($B8="",0,SUMIFS('Hareketler'!$H$5:$H$1004,'Hareketler'!$F$5:$F$1004,$B8,'Hareketler'!$C$5:$C$1004,"Alış")) | G8: =IF($B8="",0,SUMIFS('Hareketler'!$H$5:$H$1004,'Hareketler'!$F$5:$F$1004,$B8,'Hareketler'!$C$5:$C$1004,"Satış")) | H8: =IF($B8="","",$E8+$F8-$G8) | I8: =IF('Ürün Kartlar'!I8="",0,'Ürün Kartlar'!I8) | J8: =IF($B8="","",IF($H8<=0,"STOK YOK",IF($H8<=$I8,"KRİTİK","Yeterli")))
B9: =IF('Ürün Kartlar'!B9="","",'Ürün Kartlar'!B9) | C9: =IF('Ürün Kartlar'!C9="","",'Ürün Kartlar'!C9) | D9: =IF('Ürün Kartlar'!D9="","",'Ürün Kartlar'!D9) | E9: =IF('Ürün Kartlar'!H9="",0,'Ürün Kartlar'!H9) | F9: =IF($B9="",0,SUMIFS('Hareketler'!$H$5:$H$1004,'Hareketler'!$F$5:$F$1004,$B9,'Hareketler'!$C$5:$C$1004,"Alış")) | G9: =IF($B9="",0,SUMIFS('Hareketler'!$H$5:$H$1004,'Hareketler'!$F$5:$F$1004,$B9,'Hareketler'!$C$5:$C$1004,"Satış")) | H9: =IF($B9="","",$E9+$F9-$G9) | I9: =IF('Ürün Kartlar'!I9="",0,'Ürün Kartlar'!I9) | J9: =IF($B9="","",IF($H9<=0,"STOK YOK",IF($H9<=$I9,"KRİTİK","Yeterli")))
B10: =IF('Ürün Kartlar'!B10="","",'Ürün Kartlar'!B10) | C10: =IF('Ürün Kartlar'!C10="","",'Ürün Kartlar'!C10) | D10: =IF('Ürün Kartlar'!D10="","",'Ürün Kartlar'!D10) | E10: =IF('Ürün Kartlar'!H10="",0,'Ürün Kartlar'!H10) | F10: =IF($B10="",0,SUMIFS('Hareketler'!$H$5:$H$1004,'Hareketler'!$F$5:$F$1004,$B10,'Hareketler'!$C$5:$C$1004,"Alış")) | G10: =IF($B10="",0,SUMIFS('Hareketler'!$H$5:$H$1004,'Hareketler'!$F$5:$F$1004,$B10,'Hareketler'!$C$5:$C$1004,"Satış")) | H10: =IF($B10="","",$E10+$F10-$G10) | I10: =IF('Ürün Kartlar'!I10="",0,'Ürün Kartlar'!I10) | J10: =IF($B10="","",IF($H10<=0,"STOK YOK",IF($H10<=$I10,"KRİTİK","Yeterli")))
B11: =IF('Ürün Kartlar'!B11="","",'Ürün Kartlar'!B11) | C11: =IF('Ürün Kartlar'!C11="","",'Ürün Kartlar'!C11) | D11: =IF('Ürün Kartlar'!D11="","",'Ürün Kartlar'!D11) | E11: =IF('Ürün Kartlar'!H11="",0,'Ürün Kartlar'!H11) | F11: =IF($B11="",0,SUMIFS('Hareketler'!$H$5:$H$1004,'Hareketler'!$F$5:$F$1004,$B11,'Hareketler'!$C$5:$C$1004,"Alış")) | G11: =IF($B11="",0,SUMIFS('Hareketler'!$H$5:$H$1004,'Hareketler'!$F$5:$F$1004,$B11,'Hareketler'!$C$5:$C$1004,"Satış")) | H11: =IF($B11="","",$E11+$F11-$G11) | I11: =IF('Ürün Kartlar'!I11="",0,'Ürün Kartlar'!I11) | J11: =IF($B11="","",IF($H11<=0,"STOK YOK",IF($H11<=$I11,"KRİTİK","Yeterli")))
B12: =IF('Ürün Kartlar'!B12="","",'Ürün Kartlar'!B12) | C12: =IF('Ürün Kartlar'!C12="","",'Ürün Kartlar'!C12) | D12: =IF('Ürün Kartlar'!D12="","",'Ürün Kartlar'!D12) | E12: =IF('Ürün Kartlar'!H12="",0,'Ürün Kartlar'!H12) | F12: =IF($B12="",0,SUMIFS('Hareketler'!$H$5:$H$1004,'Hareketler'!$F$5:$F$1004,$B12,'Hareketler'!$C$5:$C$1004,"Alış")) | G12: =IF($B12="",0,SUMIFS('Hareketler'!$H$5:$H$1004,'Hareketler'!$F$5:$F$1004,$B12,'Hareketler'!$C$5:$C$1004,"Satış")) | H12: =IF($B12="","",$E12+$F12-$G12) | I12: =IF('Ürün Kartlar'!I12="",0,'Ürün Kartlar'!I12) | J12: =IF($B12="","",IF($H12<=0,"STOK YOK",IF($H12<=$I12,"KRİTİK","Yeterli")))
B13: =IF('Ürün Kartlar'!B13="","",'Ürün Kartlar'!B13) | C13: =IF('Ürün Kartlar'!C13="","",'Ürün Kartlar'!C13) | D13: =IF('Ürün Kartlar'!D13="","",'Ürün Kartlar'!D13) | E13: =IF('Ürün Kartlar'!H13="",0,'Ürün Kartlar'!H13) | F13: =IF($B13="",0,SUMIFS('Hareketler'!$H$5:$H$1004,'Hareketler'!$F$5:$F$1004,$B13,'Hareketler'!$C$5:$C$1004,"Alış")) | G13: =IF($B13="",0,SUMIFS('Hareketler'!$H$5:$H$1004,'Hareketler'!$F$5:$F$1004,$B13,'Hareketler'!$C$5:$C$1004,"Satış")) | H13: =IF($B13="","",$E13+$F13-$G13) | I13: =IF('Ürün Kartlar'!I13="",0,'Ürün Kartlar'!I13) | J13: =IF($B13="","",IF($H13<=0,"STOK YOK",IF($H13<=$I13,"KRİTİK","Yeterli")))
B14: =IF('Ürün Kartlar'!B14="","",'Ürün Kartlar'!B14) | C14: =IF('Ürün Kartlar'!C14="","",'Ürün Kartlar'!C14) | D14: =IF('Ürün Kartlar'!D14="","",'Ürün Kartlar'!D14) | E14: =IF('Ürün Kartlar'!H14="",0,'Ürün Kartlar'!H14) | F14: =IF($B14="",0,SUMIFS('Hareketler'!$H$5:$H$1004,'Hareketler'!$F$5:$F$1004,$B14,'Hareketler'!$C$5:$C$1004,"Alış")) | G14: =IF($B14="",0,SUMIFS('Hareketler'!$H$5:$H$1004,'Hareketler'!$F$5:$F$1004,$B14,'Hareketler'!$C$5:$C$1004,"Satış")) | H14: =IF($B14="","",$E14+$F14-$G14) | I14: =IF('Ürün Kartlar'!I14="",0,'Ürün Kartlar'!I14) | J14: =IF($B14="","",IF($H14<=0,"STOK YOK",IF($H14<=$I14,"KRİTİK","Yeterli")))
B15: =IF('Ürün Kartlar'!B15="","",'Ürün Kartlar'!B15) | C15: =IF('Ürün Kartlar'!C15="","",'Ürün Kartlar'!C15) | D15: =IF('Ürün Kartlar'!D15="","",'Ürün Kartlar'!D15) | E15: =IF('Ürün Kartlar'!H15="",0,'Ürün Kartlar'!H15) | F15: =IF($B15="",0,SUMIFS('Hareketler'!$H$5:$H$1004,'Hareketler'!$F$5:$F$1004,$B15,'Hareketler'!$C$5:$C$1004,"Alış")) | G15: =IF($B15="",0,SUMIFS('Hareketler'!$H$5:$H$1004,'Hareketler'!$F$5:$F$1004,$B15,'Hareketler'!$C$5:$C$1004,"Satış")) | H15: =IF($B15="","",$E15+$F15-$G15) | I15: =IF('Ürün Kartlar'!I15="",0,'Ürün Kartlar'!I15) | J15: =IF($B15="","",IF($H15<=0,"STOK YOK",IF($H15<=$I15,"KRİTİK","Yeterli")))
B16: =IF('Ürün Kartlar'!B16="","",'Ürün Kartlar'!B16) | C16: =IF('Ürün Kartlar'!C16="","",'Ürün Kartlar'!C16) | D16: =IF('Ürün Kartlar'!D16="","",'Ürün Kartlar'!D16) | E16: =IF('Ürün Kartlar'!H16="",0,'Ürün Kartlar'!H16) | F16: =IF($B16="",0,SUMIFS('Hareketler'!$H$5:$H$1004,'Hareketler'!$F$5:$F$1004,$B16,'Hareketler'!$C$5:$C$1004,"Alış")) | G16: =IF($B16="",0,SUMIFS('Hareketler'!$H$5:$H$1004,'Hareketler'!$F$5:$F$1004,$B16,'Hareketler'!$C$5:$C$1004,"Satış")) | H16: =IF($B16="","",$E16+$F16-$G16) | I16: =IF('Ürün Kartlar'!I16="",0,'Ürün Kartlar'!I16) | J16: =IF($B16="","",IF($H16<=0,"STOK YOK",IF($H16<=$I16,"KRİTİK","Yeterli")))
... B204: =IF('Ürün Kartlar'!B204="","",'Ürün Kartlar'!B204) | C204: =IF('Ürün Kartlar'!C204="","",'Ürün Kartlar'!C204) | D204: =IF('Ürün Kartlar'!D204="","",'Ürün Kartlar'!D204) | E204: =IF('Ürün Kartlar'!H204="",0,'Ürün Kartlar'!H204) | F204: =IF($B204="",0,SUMIFS('Hareketler'!$H$5:$H$1004,'Hareketler'!$F$5:$F$1004,$B204,'Hareketler'!$C$5:$C$1004,"Alış")) | G204: =IF($B204="",0,SUMIFS('Hareketler'!$H$5:$H$1004,'Hareketler'!$F$5:$F$1004,$B204,'Hareketler'!$C$5:$C$1004,"Satış")) | H204: =IF($B204="","",$E204+$F204-$G204) | I204: =IF('Ürün Kartlar'!I204="",0,'Ürün Kartlar'!I204) | J204: =IF($B204="","",IF($H204<=0,"STOK YOK",IF($H204<=$I204,"KRİTİK","Yeterli")))

Sheet Cari Ekstre
A1: Cari Ekstre
A2: Cari bazlı borç, alacak ve bakiye · otomatik hesaplanır
B4: Cari Kodu | C4: Unvan | D4: Tip | E4: Açılış Bakiyesi | F4: Satış (Alacak) | G4: Alış (Borç) | H4: BAKİYE
B5: =IF('Cari Kartlar'!B5="","",'Cari Kartlar'!B5) | C5: =IF('Cari Kartlar'!C5="","",'Cari Kartlar'!C5) | D5: =IF('Cari Kartlar'!D5="","",'Cari Kartlar'!D5) | E5: =IF('Cari Kartlar'!H5="",0,'Cari Kartlar'!H5) | F5: =IF($B5="",0,SUMIFS('Hareketler'!$M$5:$M$1004,'Hareketler'!$D$5:$D$1004,$B5,'Hareketler'!$C$5:$C$1004,"Satış")) | G5: =IF($B5="",0,SUMIFS('Hareketler'!$M$5:$M$1004,'Hareketler'!$D$5:$D$1004,$B5,'Hareketler'!$C$5:$C$1004,"Alış")) | H5: =IF($B5="","",$E5+$F5-$G5)
B6: =IF('Cari Kartlar'!B6="","",'Cari Kartlar'!B6) | C6: =IF('Cari Kartlar'!C6="","",'Cari Kartlar'!C6) | D6: =IF('Cari Kartlar'!D6="","",'Cari Kartlar'!D6) | E6: =IF('Cari Kartlar'!H6="",0,'Cari Kartlar'!H6) | F6: =IF($B6="",0,SUMIFS('Hareketler'!$M$5:$M$1004,'Hareketler'!$D$5:$D$1004,$B6,'Hareketler'!$C$5:$C$1004,"Satış")) | G6: =IF($B6="",0,SUMIFS('Hareketler'!$M$5:$M$1004,'Hareketler'!$D$5:$D$1004,$B6,'Hareketler'!$C$5:$C$1004,"Alış")) | H6: =IF($B6="","",$E6+$F6-$G6)
B7: =IF('Cari Kartlar'!B7="","",'Cari Kartlar'!B7) | C7: =IF('Cari Kartlar'!C7="","",'Cari Kartlar'!C7) | D7: =IF('Cari Kartlar'!D7="","",'Cari Kartlar'!D7) | E7: =IF('Cari Kartlar'!H7="",0,'Cari Kartlar'!H7) | F7: =IF($B7="",0,SUMIFS('Hareketler'!$M$5:$M$1004,'Hareketler'!$D$5:$D$1004,$B7,'Hareketler'!$C$5:$C$1004,"Satış")) | G7: =IF($B7="",0,SUMIFS('Hareketler'!$M$5:$M$1004,'Hareketler'!$D$5:$D$1004,$B7,'Hareketler'!$C$5:$C$1004,"Alış")) | H7: =IF($B7="","",$E7+$F7-$G7)
B8: =IF('Cari Kartlar'!B8="","",'Cari Kartlar'!B8) | C8: =IF('Cari Kartlar'!C8="","",'Cari Kartlar'!C8) | D8: =IF('Cari Kartlar'!D8="","",'Cari Kartlar'!D8) | E8: =IF('Cari Kartlar'!H8="",0,'Cari Kartlar'!H8) | F8: =IF($B8="",0,SUMIFS('Hareketler'!$M$5:$M$1004,'Hareketler'!$D$5:$D$1004,$B8,'Hareketler'!$C$5:$C$1004,"Satış")) | G8: =IF($B8="",0,SUMIFS('Hareketler'!$M$5:$M$1004,'Hareketler'!$D$5:$D$1004,$B8,'Hareketler'!$C$5:$C$1004,"Alış")) | H8: =IF($B8="","",$E8+$F8-$G8)
B9: =IF('Cari Kartlar'!B9="","",'Cari Kartlar'!B9) | C9: =IF('Cari Kartlar'!C9="","",'Cari Kartlar'!C9) | D9: =IF('Cari Kartlar'!D9="","",'Cari Kartlar'!D9) | E9: =IF('Cari Kartlar'!H9="",0,'Cari Kartlar'!H9) | F9: =IF($B9="",0,SUMIFS('Hareketler'!$M$5:$M$1004,'Hareketler'!$D$5:$D$1004,$B9,'Hareketler'!$C$5:$C$1004,"Satış")) | G9: =IF($B9="",0,SUMIFS('Hareketler'!$M$5:$M$1004,'Hareketler'!$D$5:$D$1004,$B9,'Hareketler'!$C$5:$C$1004,"Alış")) | H9: =IF($B9="","",$E9+$F9-$G9)
B10: =IF('Cari Kartlar'!B10="","",'Cari Kartlar'!B10) | C10: =IF('Cari Kartlar'!C10="","",'Cari Kartlar'!C10) | D10: =IF('Cari Kartlar'!D10="","",'Cari Kartlar'!D10) | E10: =IF('Cari Kartlar'!H10="",0,'Cari Kartlar'!H10) | F10: =IF($B10="",0,SUMIFS('Hareketler'!$M$5:$M$1004,'Hareketler'!$D$5:$D$1004,$B10,'Hareketler'!$C$5:$C$1004,"Satış")) | G10: =IF($B10="",0,SUMIFS('Hareketler'!$M$5:$M$1004,'Hareketler'!$D$5:$D$1004,$B10,'Hareketler'!$C$5:$C$1004,"Alış")) | H10: =IF($B10="","",$E10+$F10-$G10)
B11: =IF('Cari Kartlar'!B11="","",'Cari Kartlar'!B11) | C11: =IF('Cari Kartlar'!C11="","",'Cari Kartlar'!C11) | D11: =IF('Cari Kartlar'!D11="","",'Cari Kartlar'!D11) | E11: =IF('Cari Kartlar'!H11="",0,'Cari Kartlar'!H11) | F11: =IF($B11="",0,SUMIFS('Hareketler'!$M$5:$M$1004,'Hareketler'!$D$5:$D$1004,$B11,'Hareketler'!$C$5:$C$1004,"Satış")) | G11: =IF($B11="",0,SUMIFS('Hareketler'!$M$5:$M$1004,'Hareketler'!$D$5:$D$1004,$B11,'Hareketler'!$C$5:$C$1004,"Alış")) | H11: =IF($B11="","",$E11+$F11-$G11)
B12: =IF('Cari Kartlar'!B12="","",'Cari Kartlar'!B12) | C12: =IF('Cari Kartlar'!C12="","",'Cari Kartlar'!C12) | D12: =IF('Cari Kartlar'!D12="","",'Cari Kartlar'!D12) | E12: =IF('Cari Kartlar'!H12="",0,'Cari Kartlar'!H12) | F12: =IF($B12="",0,SUMIFS('Hareketler'!$M$5:$M$1004,'Hareketler'!$D$5:$D$1004,$B12,'Hareketler'!$C$5:$C$1004,"Satış")) | G12: =IF($B12="",0,SUMIFS('Hareketler'!$M$5:$M$1004,'Hareketler'!$D$5:$D$1004,$B12,'Hareketler'!$C$5:$C$1004,"Alış")) | H12: =IF($B12="","",$E12+$F12-$G12)
B13: =IF('Cari Kartlar'!B13="","",'Cari Kartlar'!B13) | C13: =IF('Cari Kartlar'!C13="","",'Cari Kartlar'!C13) | D13: =IF('Cari Kartlar'!D13="","",'Cari Kartlar'!D13) | E13: =IF('Cari Kartlar'!H13="",0,'Cari Kartlar'!H13) | F13: =IF($B13="",0,SUMIFS('Hareketler'!$M$5:$M$1004,'Hareketler'!$D$5:$D$1004,$B13,'Hareketler'!$C$5:$C$1004,"Satış")) | G13: =IF($B13="",0,SUMIFS('Hareketler'!$M$5:$M$1004,'Hareketler'!$D$5:$D$1004,$B13,'Hareketler'!$C$5:$C$1004,"Alış")) | H13: =IF($B13="","",$E13+$F13-$G13)
B14: =IF('Cari Kartlar'!B14="","",'Cari Kartlar'!B14) | C14: =IF('Cari Kartlar'!C14="","",'Cari Kartlar'!C14) | D14: =IF('Cari Kartlar'!D14="","",'Cari Kartlar'!D14) | E14: =IF('Cari Kartlar'!H14="",0,'Cari Kartlar'!H14) | F14: =IF($B14="",0,SUMIFS('Hareketler'!$M$5:$M$1004,'Hareketler'!$D$5:$D$1004,$B14,'Hareketler'!$C$5:$C$1004,"Satış")) | G14: =IF($B14="",0,SUMIFS('Hareketler'!$M$5:$M$1004,'Hareketler'!$D$5:$D$1004,$B14,'Hareketler'!$C$5:$C$1004,"Alış")) | H14: =IF($B14="","",$E14+$F14-$G14)
B15: =IF('Cari Kartlar'!B15="","",'Cari Kartlar'!B15) | C15: =IF('Cari Kartlar'!C15="","",'Cari Kartlar'!C15) | D15: =IF('Cari Kartlar'!D15="","",'Cari Kartlar'!D15) | E15: =IF('Cari Kartlar'!H15="",0,'Cari Kartlar'!H15) | F15: =IF($B15="",0,SUMIFS('Hareketler'!$M$5:$M$1004,'Hareketler'!$D$5:$D$1004,$B15,'Hareketler'!$C$5:$C$1004,"Satış")) | G15: =IF($B15="",0,SUMIFS('Hareketler'!$M$5:$M$1004,'Hareketler'!$D$5:$D$1004,$B15,'Hareketler'!$C$5:$C$1004,"Alış")) | H15: =IF($B15="","",$E15+$F15-$G15)
B16: =IF('Cari Kartlar'!B16="","",'Cari Kartlar'!B16) | C16: =IF('Cari Kartlar'!C16="","",'Cari Kartlar'!C16) | D16: =IF('Cari Kartlar'!D16="","",'Cari Kartlar'!D16) | E16: =IF('Cari Kartlar'!H16="",0,'Cari Kartlar'!H16) | F16: =IF($B16="",0,SUMIFS('Hareketler'!$M$5:$M$1004,'Hareketler'!$D$5:$D$1004,$B16,'Hareketler'!$C$5:$C$1004,"Satış")) | G16: =IF($B16="",0,SUMIFS('Hareketler'!$M$5:$M$1004,'Hareketler'!$D$5:$D$1004,$B16,'Hareketler'!$C$5:$C$1004,"Alış")) | H16: =IF($B16="","",$E16+$F16-$G16)
... B204: =IF('Cari Kartlar'!B204="","",'Cari Kartlar'!B204) | C204: =IF('Cari Kartlar'!C204="","",'Cari Kartlar'!C204) | D204: =IF('Cari Kartlar'!D204="","",'Cari Kartlar'!D204) | E204: =IF('Cari Kartlar'!H204="",0,'Cari Kartlar'!H204) | F204: =IF($B204="",0,SUMIFS('Hareketler'!$M$5:$M$1004,'Hareketler'!$D$5:$D$1004,$B204,'Hareketler'!$C$5:$C$1004,"Satış")) | G204: =IF($B204="",0,SUMIFS('Hareketler'!$M$5:$M$1004,'Hareketler'!$D$5:$D$1004,$B204,'Hareketler'!$C$5:$C$1004,"Alış")) | H204: =IF($B204="","",$E204+$F204-$G204)

Sheet Dashboard
A1: Dashboard
A2: Tüm sayfalardan beslenen özet · elle doldurulmaz
B4: TOPLAM SATIŞ (KDV hariç) | C4: =SUMIF('Hareketler'!$C$5:$C$1004,"Satış",'Hareketler'!$K$5:$K$1004) | E4: HESAPLANAN KDV (satış) | F4: =SUMIF('Hareketler'!$C$5:$C$1004,"Satış",'Hareketler'!$L$5:$L$1004)
B5: TOPLAM ALIŞ (KDV hariç) | C5: =SUMIF('Hareketler'!$C$5:$C$1004,"Alış",'Hareketler'!$K$5:$K$1004) | E5: İNDİRİLECEK KDV (alış) | F5: =SUMIF('Hareketler'!$C$5:$C$1004,"Alış",'Hareketler'!$L$5:$L$1004)
B6: BRÜT KÂR | C6: =C4-C5 | E6: ÖDENECEK / DEVREDEN KDV | F6: =F4-F5
B7: KÂR MARJI | C7: =IF(C4=0,0,C6/C4) | E7: TOPLAM HAREKET SAYISI | F7: =COUNTA('Hareketler'!$B$5:$B$1004)
B9: TOPLAM ALACAK (müşteriler) | C9: =SUMIF('Cari Ekstre'!$H$5:$H$204,">0") | E9: KRİTİK STOKTAKİ ÜRÜN | F9: =COUNTIF('Stok Durumu'!$J$5:$J$204,"KRİTİK")
B10: TOPLAM BORÇ (tedarikçiler) | C10: =ABS(SUMIF('Cari Ekstre'!$H$5:$H$204,"<0")) | E10: STOĞU BİTEN ÜRÜN | F10: =COUNTIF('Stok Durumu'!$J$5:$J$204,"STOK YOK")
B12: EN ÇOK SATIŞ YAPILAN CARİLER
C13: Cari | D13: Satış Tutarı
C14: =IFERROR(INDEX('Cari Ekstre'!$C$5:$C$204,MATCH(LARGE('Cari Ekstre'!$F$5:$F$204,1),'Cari Ekstre'!$F$5:$F$204,0)),"") | D14: =IFERROR(LARGE('Cari Ekstre'!$F$5:$F$204,1),"")
C15: =IFERROR(INDEX('Cari Ekstre'!$C$5:$C$204,MATCH(LARGE('Cari Ekstre'!$F$5:$F$204,2),'Cari Ekstre'!$F$5:$F$204,0)),"") | D15: =IFERROR(LARGE('Cari Ekstre'!$F$5:$F$204,2),"")
C16: =IFERROR(INDEX('Cari Ekstre'!$C$5:$C$204,MATCH(LARGE('Cari Ekstre'!$F$5:$F$204,3),'Cari Ekstre'!$F$5:$F$204,0)),"") | D16: =IFERROR(LARGE('Cari Ekstre'!$F$5:$F$204,3),"")
C17: =IFERROR(INDEX('Cari Ekstre'!$C$5:$C$204,MATCH(LARGE('Cari Ekstre'!$F$5:$F$204,4),'Cari Ekstre'!$F$5:$F$204,0)),"") | D17: =IFERROR(LARGE('Cari Ekstre'!$F$5:$F$204,4),"")
C18: =IFERROR(INDEX('Cari Ekstre'!$C$5:$C$204,MATCH(LARGE('Cari Ekstre'!$F$5:$F$204,5),'Cari Ekstre'!$F$5:$F$204,0)),"") | D18: =IFERROR(LARGE('Cari Ekstre'!$F$5:$F$204,5),"")
C19: =IFERROR(INDEX('Cari Ekstre'!$C$5:$C$204,MATCH(LARGE('Cari Ekstre'!$F$5:$F$204,6),'Cari Ekstre'!$F$5:$F$204,0)),"") | D19: =IFERROR(LARGE('Cari Ekstre'!$F$5:$F$204,6),"")
C20: =IFERROR(INDEX('Cari Ekstre'!$C$5:$C$204,MATCH(LARGE('Cari Ekstre'!$F$5:$F$204,7),'Cari Ekstre'!$F$5:$F$204,0)),"") | D20: =IFERROR(LARGE('Cari Ekstre'!$F$5:$F$204,7),"")
C21: =IFERROR(INDEX('Cari Ekstre'!$C$5:$C$204,MATCH(LARGE('Cari Ekstre'!$F$5:$F$204,8),'Cari Ekstre'!$F$5:$F$204,0)),"") | D21: =IFERROR(LARGE('Cari Ekstre'!$F$5:$F$204,8),"")
C22: =IFERROR(INDEX('Cari Ekstre'!$C$5:$C$204,MATCH(LARGE('Cari Ekstre'!$F$5:$F$204,9),'Cari Ekstre'!$F$5:$F$204,0)),"") | D22: =IFERROR(LARGE('Cari Ekstre'!$F$5:$F$204,9),"")
C23: =IFERROR(INDEX('Cari Ekstre'!$C$5:$C$204,MATCH(LARGE('Cari Ekstre'!$F$5:$F$204,10),'Cari Ekstre'!$F$5:$F$204,0)),"") | D23: =IFERROR(LARGE('Cari Ekstre'!$F$5:$F$204,10),"")
B25: Dashboard değerleri Hareketler, Cari Ekstre ve Stok Durumu sayfalarından otomatik gelir. Excel'de otomatik hesaplama kapalıysa F9 tuşuna basın.
