Workbook
Name MusteriKodlari: 'Müşteri Kartları'!$B$5:$B$104
Name GiderKategorileri: Listeler!$B$5:$B$18

Sheet Nasıl Kullanılır
A1: Nasıl Kullanılır?
A2: MiniHesap · minihesap.net
B4: Bu dosya ne işe yarar?
B5: Serbest meslek erbabı (avukat, mali müşavir, doktor, danışman, yazılımcı) için makbuz, gider ve vergi takibi yapar. Çeyrek dönemlerde ödeyeceğiniz geçici vergiyi önceden hesaplar.
B7: Adım adım
B8: 1. PARAMETRELER sayfasına stopaj, KDV ve geçici vergi oranlarını girin.
B9: 2. MÜŞTERİ KARTLARI sayfasına müşterilerinizi ekleyin.
B10: 3. MAKBUZLAR sayfasına kestiğiniz her serbest meslek makbuzunu işleyin.
B11: 4. GİDERLER sayfasına mesleki giderlerinizi girin.
B12: 5. GEÇİCİ VERGİ sayfası çeyrek bazında ödeyeceğiniz vergiyi gösterir.
B14: Serbest meslek makbuzu nasıl çalışır?
B15: Brüt tutar üzerinden %20 stopaj kesilir (kurumsal müşterilerde). Ayrıca %20 KDV eklenir.
B16: Elinize geçen = brüt - stopaj + KDV. KDV sizin geliriniz değildir, beyanla devlete ödersiniz.
B17: Yıl içinde kesilen stopajlar, geçici vergi ve yıllık beyanda mahsup edilir.
... B26: Bu dosyadaki hesaplamalar bilgilendirme amaçlıdır; resmî defter, bordro veya mali müşavir hizmeti yerine geçmez. © MiniHesap

Sheet Parametreler
A1: Parametreler
A2: Oranları dönemsel olarak güncelleyin
B4: Stopaj Oranı | C4: 0.2
B5: KDV Oranı | C5: 0.2
B6: Geçici Vergi Oranı | C6: 0.15
B7: Vergi Yılı | C7: 2026
B9: Oranlar mevzuata göre değişir. Güncel oranları mali müşavirinizden teyit edin.

Sheet Müşteri Kartları
A1: Müşteri Kartları
A2: Makbuz keserken listeden seçilir
B4: Kod | C4: Unvan / Ad Soyad | D4: Tip | E4: Vergi No / TCKN | F4: E-posta | G4: Stopaj Var
B5: MS01 | C5: Alfa Teknoloji A.Ş. | D5: Kurumsal | E5: 1112223334 | F5: muhasebe@alfa.com | G5: 1
B6: MS02 | C6: Beta Danışmanlık Ltd. | D6: Kurumsal | E6: 2223334445 | F6: info@beta.com | G6: 1
B7: MS03 | C7: Ahmet Yılmaz | D7: Bireysel | E7: 11111111111 | G7: 0

Sheet Makbuzlar
A1: Serbest Meslek Makbuzları
A2: Müşteriyi listeden seçin · stopaj ve KDV otomatik
B4: Tarih | C4: Makbuz No | D4: Müşteri Kodu | E4: Müşteri | F4: Brüt Tutar | G4: Stopaj | H4: KDV | I4: Tahsil Edilen | J4: Net Gelir (matrah) | K4: Tahsil | L4: Açıklama
B5: 46036.875 | C5: SMM2026001 | D5: MS01 | E5: =IFERROR(IF($D5="","",VLOOKUP($D5,'Müşteri Kartları'!$B$5:$C$104,2,FALSE)),"— tanımsız —") | F5: 60000 | G5: =IFERROR(IF($D5="",0,$F5*Parametreler!$C$4*VLOOKUP($D5,'Müşteri Kartları'!$B$5:$G$104,6,FALSE)),0) | H5: =IF($F5="",0,$F5*Parametreler!$C$5) | I5: =IF($F5="","",$F5-$G5+$H5) | J5: =IF($F5="",0,$F5) | K5: 1 | L5: Ocak danışmanlık
B6: 46121.875 | C6: SMM2026002 | D6: MS02 | E6: =IFERROR(IF($D6="","",VLOOKUP($D6,'Müşteri Kartları'!$B$5:$C$104,2,FALSE)),"— tanımsız —") | F6: 45000 | G6: =IFERROR(IF($D6="",0,$F6*Parametreler!$C$4*VLOOKUP($D6,'Müşteri Kartları'!$B$5:$G$104,6,FALSE)),0) | H6: =IF($F6="",0,$F6*Parametreler!$C$5) | I6: =IF($F6="","",$F6-$G6+$H6) | J6: =IF($F6="",0,$F6) | K6: 1 | L6: Proje bedeli
B7: 46224.875 | C7: SMM2026003 | D7: MS03 | E7: =IFERROR(IF($D7="","",VLOOKUP($D7,'Müşteri Kartları'!$B$5:$C$104,2,FALSE)),"— tanımsız —") | F7: 18000 | G7: =IFERROR(IF($D7="",0,$F7*Parametreler!$C$4*VLOOKUP($D7,'Müşteri Kartları'!$B$5:$G$104,6,FALSE)),0) | H7: =IF($F7="",0,$F7*Parametreler!$C$5) | I7: =IF($F7="","",$F7-$G7+$H7) | J7: =IF($F7="",0,$F7) | K7: 1 | L7: Bireysel danışmanlık
E8: =IFERROR(IF($D8="","",VLOOKUP($D8,'Müşteri Kartları'!$B$5:$C$104,2,FALSE)),"— tanımsız —") | G8: =IFERROR(IF($D8="",0,$F8*Parametreler!$C$4*VLOOKUP($D8,'Müşteri Kartları'!$B$5:$G$104,6,FALSE)),0) | H8: =IF($F8="",0,$F8*Parametreler!$C$5) | I8: =IF($F8="","",$F8-$G8+$H8) | J8: =IF($F8="",0,$F8)
E9: =IFERROR(IF($D9="","",VLOOKUP($D9,'Müşteri Kartları'!$B$5:$C$104,2,FALSE)),"— tanımsız —") | G9: =IFERROR(IF($D9="",0,$F9*Parametreler!$C$4*VLOOKUP($D9,'Müşteri Kartları'!$B$5:$G$104,6,FALSE)),0) | H9: =IF($F9="",0,$F9*Parametreler!$C$5) | I9: =IF($F9="","",$F9-$G9+$H9) | J9: =IF($F9="",0,$F9)
E10: =IFERROR(IF($D10="","",VLOOKUP($D10,'Müşteri Kartları'!$B$5:$C$104,2,FALSE)),"— tanımsız —") | G10: =IFERROR(IF($D10="",0,$F10*Parametreler!$C$4*VLOOKUP($D10,'Müşteri Kartları'!$B$5:$G$104,6,FALSE)),0) | H10: =IF($F10="",0,$F10*Parametreler!$C$5) | I10: =IF($F10="","",$F10-$G10+$H10) | J10: =IF($F10="",0,$F10)
E11: =IFERROR(IF($D11="","",VLOOKUP($D11,'Müşteri Kartları'!$B$5:$C$104,2,FALSE)),"— tanımsız —") | G11: =IFERROR(IF($D11="",0,$F11*Parametreler!$C$4*VLOOKUP($D11,'Müşteri Kartları'!$B$5:$G$104,6,FALSE)),0) | H11: =IF($F11="",0,$F11*Parametreler!$C$5) | I11: =IF($F11="","",$F11-$G11+$H11) | J11: =IF($F11="",0,$F11)
E12: =IFERROR(IF($D12="","",VLOOKUP($D12,'Müşteri Kartları'!$B$5:$C$104,2,FALSE)),"— tanımsız —") | G12: =IFERROR(IF($D12="",0,$F12*Parametreler!$C$4*VLOOKUP($D12,'Müşteri Kartları'!$B$5:$G$104,6,FALSE)),0) | H12: =IF($F12="",0,$F12*Parametreler!$C$5) | I12: =IF($F12="","",$F12-$G12+$H12) | J12: =IF($F12="",0,$F12)
E13: =IFERROR(IF($D13="","",VLOOKUP($D13,'Müşteri Kartları'!$B$5:$C$104,2,FALSE)),"— tanımsız —") | G13: =IFERROR(IF($D13="",0,$F13*Parametreler!$C$4*VLOOKUP($D13,'Müşteri Kartları'!$B$5:$G$104,6,FALSE)),0) | H13: =IF($F13="",0,$F13*Parametreler!$C$5) | I13: =IF($F13="","",$F13-$G13+$H13) | J13: =IF($F13="",0,$F13)
E14: =IFERROR(IF($D14="","",VLOOKUP($D14,'Müşteri Kartları'!$B$5:$C$104,2,FALSE)),"— tanımsız —") | G14: =IFERROR(IF($D14="",0,$F14*Parametreler!$C$4*VLOOKUP($D14,'Müşteri Kartları'!$B$5:$G$104,6,FALSE)),0) | H14: =IF($F14="",0,$F14*Parametreler!$C$5) | I14: =IF($F14="","",$F14-$G14+$H14) | J14: =IF($F14="",0,$F14)
E15: =IFERROR(IF($D15="","",VLOOKUP($D15,'Müşteri Kartları'!$B$5:$C$104,2,FALSE)),"— tanımsız —") | G15: =IFERROR(IF($D15="",0,$F15*Parametreler!$C$4*VLOOKUP($D15,'Müşteri Kartları'!$B$5:$G$104,6,FALSE)),0) | H15: =IF($F15="",0,$F15*Parametreler!$C$5) | I15: =IF($F15="","",$F15-$G15+$H15) | J15: =IF($F15="",0,$F15)
E16: =IFERROR(IF($D16="","",VLOOKUP($D16,'Müşteri Kartları'!$B$5:$C$104,2,FALSE)),"— tanımsız —") | G16: =IFERROR(IF($D16="",0,$F16*Parametreler!$C$4*VLOOKUP($D16,'Müşteri Kartları'!$B$5:$G$104,6,FALSE)),0) | H16: =IF($F16="",0,$F16*Parametreler!$C$5) | I16: =IF($F16="","",$F16-$G16+$H16) | J16: =IF($F16="",0,$F16)
E17: =IFERROR(IF($D17="","",VLOOKUP($D17,'Müşteri Kartları'!$B$5:$C$104,2,FALSE)),"— tanımsız —") | G17: =IFERROR(IF($D17="",0,$F17*Parametreler!$C$4*VLOOKUP($D17,'Müşteri Kartları'!$B$5:$G$104,6,FALSE)),0) | H17: =IF($F17="",0,$F17*Parametreler!$C$5) | I17: =IF($F17="","",$F17-$G17+$H17) | J17: =IF($F17="",0,$F17)
E18: =IFERROR(IF($D18="","",VLOOKUP($D18,'Müşteri Kartları'!$B$5:$C$104,2,FALSE)),"— tanımsız —") | G18: =IFERROR(IF($D18="",0,$F18*Parametreler!$C$4*VLOOKUP($D18,'Müşteri Kartları'!$B$5:$G$104,6,FALSE)),0) | H18: =IF($F18="",0,$F18*Parametreler!$C$5) | I18: =IF($F18="","",$F18-$G18+$H18) | J18: =IF($F18="",0,$F18)
E19: =IFERROR(IF($D19="","",VLOOKUP($D19,'Müşteri Kartları'!$B$5:$C$104,2,FALSE)),"— tanımsız —") | G19: =IFERROR(IF($D19="",0,$F19*Parametreler!$C$4*VLOOKUP($D19,'Müşteri Kartları'!$B$5:$G$104,6,FALSE)),0) | H19: =IF($F19="",0,$F19*Parametreler!$C$5) | I19: =IF($F19="","",$F19-$G19+$H19) | J19: =IF($F19="",0,$F19)
... E404: =IFERROR(IF($D404="","",VLOOKUP($D404,'Müşteri Kartları'!$B$5:$C$104,2,FALSE)),"— tanımsız —") | G404: =IFERROR(IF($D404="",0,$F404*Parametreler!$C$4*VLOOKUP($D404,'Müşteri Kartları'!$B$5:$G$104,6,FALSE)),0) | H404: =IF($F404="",0,$F404*Parametreler!$C$5) | I404: =IF($F404="","",$F404-$G404+$H404) | J404: =IF($F404="",0,$F404)

Sheet Giderler
A1: Mesleki Giderler
A2: Kazançtan düşülecek giderler
B4: Tarih | C4: Kategori | D4: Açıklama | E4: Tutar (KDV hariç) | F4: KDV | G4: KDV Tutarı | H4: Toplam | I4: Belge No
B5: 46026.875 | C5: Ofis Kirası | D5: Ocak kirası | E5: 18000 | F5: 0.2 | G5: =IF($E5="",0,$E5*IF($F5="",0,$F5)) | H5: =IF($E5="","",$E5+$G5) | I5: KR2026-01
B6: 46041.875 | C6: Yazılım / Abonelik | D6: Tasarım aracı | E6: 2400 | F6: 0.2 | G6: =IF($E6="",0,$E6*IF($F6="",0,$F6)) | H6: =IF($E6="","",$E6+$G6) | I6: ABN001
G7: =IF($E7="",0,$E7*IF($F7="",0,$F7)) | H7: =IF($E7="","",$E7+$G7)
G8: =IF($E8="",0,$E8*IF($F8="",0,$F8)) | H8: =IF($E8="","",$E8+$G8)
G9: =IF($E9="",0,$E9*IF($F9="",0,$F9)) | H9: =IF($E9="","",$E9+$G9)
G10: =IF($E10="",0,$E10*IF($F10="",0,$F10)) | H10: =IF($E10="","",$E10+$G10)
G11: =IF($E11="",0,$E11*IF($F11="",0,$F11)) | H11: =IF($E11="","",$E11+$G11)
G12: =IF($E12="",0,$E12*IF($F12="",0,$F12)) | H12: =IF($E12="","",$E12+$G12)
G13: =IF($E13="",0,$E13*IF($F13="",0,$F13)) | H13: =IF($E13="","",$E13+$G13)
G14: =IF($E14="",0,$E14*IF($F14="",0,$F14)) | H14: =IF($E14="","",$E14+$G14)
G15: =IF($E15="",0,$E15*IF($F15="",0,$F15)) | H15: =IF($E15="","",$E15+$G15)
G16: =IF($E16="",0,$E16*IF($F16="",0,$F16)) | H16: =IF($E16="","",$E16+$G16)
G17: =IF($E17="",0,$E17*IF($F17="",0,$F17)) | H17: =IF($E17="","",$E17+$G17)
G18: =IF($E18="",0,$E18*IF($F18="",0,$F18)) | H18: =IF($E18="","",$E18+$G18)
... G404: =IF($E404="",0,$E404*IF($F404="",0,$F404)) | H404: =IF($E404="","",$E404+$G404)

Sheet Geçici Vergi
A1: Geçici Vergi Hesabı
A2: Çeyrek dönem bazında · kümülatif hesaplanır
B4: Dönem | C4: 1. Çeyrek | D4: 2. Çeyrek | E4: 3. Çeyrek | F4: YIL TOPLAMI
B5: Hasılat (KDV hariç) | C5: =SUMIFS('Makbuzlar'!$J$5:$J$404,'Makbuzlar'!$B$5:$B$404,">="&DATE(Parametreler!$C$7,1,1),'Makbuzlar'!$B$5:$B$404,"<"&DATE(Parametreler!$C$7,3+1,1)) | D5: =SUMIFS('Makbuzlar'!$J$5:$J$404,'Makbuzlar'!$B$5:$B$404,">="&DATE(Parametreler!$C$7,4,1),'Makbuzlar'!$B$5:$B$404,"<"&DATE(Parametreler!$C$7,6+1,1)) | E5: =SUMIFS('Makbuzlar'!$J$5:$J$404,'Makbuzlar'!$B$5:$B$404,">="&DATE(Parametreler!$C$7,7,1),'Makbuzlar'!$B$5:$B$404,"<"&DATE(Parametreler!$C$7,9+1,1)) | F5: =SUM(C5:E5)
B6: Mesleki Gider | C6: =SUMIFS('Giderler'!$E$5:$E$404,'Giderler'!$B$5:$B$404,">="&DATE(Parametreler!$C$7,1,1),'Giderler'!$B$5:$B$404,"<"&DATE(Parametreler!$C$7,3+1,1)) | D6: =SUMIFS('Giderler'!$E$5:$E$404,'Giderler'!$B$5:$B$404,">="&DATE(Parametreler!$C$7,4,1),'Giderler'!$B$5:$B$404,"<"&DATE(Parametreler!$C$7,6+1,1)) | E6: =SUMIFS('Giderler'!$E$5:$E$404,'Giderler'!$B$5:$B$404,">="&DATE(Parametreler!$C$7,7,1),'Giderler'!$B$5:$B$404,"<"&DATE(Parametreler!$C$7,9+1,1)) | F6: =SUM(C6:E6)
B7: KAZANÇ | C7: =C5-C6 | D7: =D5-D6 | E7: =E5-E6 | F7: =SUM(C7:E7)
B8: Geçici Vergi (brüt) | C8: =MAX(C7,0)*Parametreler!$C$6 | D8: =MAX(D7,0)*Parametreler!$C$6 | E8: =MAX(E7,0)*Parametreler!$C$6 | F8: =SUM(C8:E8)
B9: Kesilen Stopaj | C9: =SUMIFS('Makbuzlar'!$G$5:$G$404,'Makbuzlar'!$B$5:$B$404,">="&DATE(Parametreler!$C$7,1,1),'Makbuzlar'!$B$5:$B$404,"<"&DATE(Parametreler!$C$7,3+1,1)) | D9: =SUMIFS('Makbuzlar'!$G$5:$G$404,'Makbuzlar'!$B$5:$B$404,">="&DATE(Parametreler!$C$7,4,1),'Makbuzlar'!$B$5:$B$404,"<"&DATE(Parametreler!$C$7,6+1,1)) | E9: =SUMIFS('Makbuzlar'!$G$5:$G$404,'Makbuzlar'!$B$5:$B$404,">="&DATE(Parametreler!$C$7,7,1),'Makbuzlar'!$B$5:$B$404,"<"&DATE(Parametreler!$C$7,9+1,1)) | F9: =SUM(C9:E9)
B10: ÖDENECEK GEÇİCİ VERGİ | C10: =MAX(C8-C9,0) | D10: =MAX(D8-D9,0) | E10: =MAX(E8-E9,0) | F10: =SUM(C10:E10)
B13: TOPLAM TAHSİL EDİLEN | C13: =SUM('Makbuzlar'!$I$5:$I$404) | E13: TAHSİL EDİLEN KDV | F13: =SUM('Makbuzlar'!$H$5:$H$404)
B14: TAHSİL EDİLMEMİŞ | C14: =SUMIF('Makbuzlar'!$K$5:$K$404,0,'Makbuzlar'!$I$5:$I$404) | E14: İNDİRİLECEK KDV | F14: =SUM('Giderler'!$G$5:$G$404)
B16: Geçici vergi beyanı 4. çeyrek için verilmez; yıl sonu gelir vergisi beyannamesiyle kapatılır. Bu tablo tahmini bir hesaptır, beyan öncesi mali müşavirinizle doğrulayın.

Sheet Listeler
A1: Listeler
A2: Açılır menüleri besler
B4: Gider Kategorileri
B5: Ofis Kirası
B6: Aidat
B7: Elektrik / Su / Doğalgaz
B8: İnternet / Telefon
B9: Ulaşım / Akaryakıt
B10: Kırtasiye
B11: Yazılım / Abonelik
B12: Mesleki Eğitim
B13: Oda / Baro Aidatı
B14: Muhasebe Ücreti
B15: Sigorta
... B18: Diğer
