Workbook

Sheet Nasıl Kullanılır
A1: Nasıl Kullanılır?
A2: MiniHesap · minihesap.net
B4: Bu dosya ne işe yarar?
B5: Çalışanlarınızın özlük bilgilerini, aylık bordrolarını, yıllık izin haklarını ve biriken kıdem tazminatı yükünüzü tek dosyada takip eder.
B7: Dosyanın yapısı
B8: PERSONEL KARTLARI: her çalışan için bir satır (bir kez doldurulur).
B9: AYLIK BORDRO: seçilen ay için brütten nete kesinti dökümü.
B10: İZİN TAKİBİ: hak edilen, kullanılan ve kalan yıllık izin günleri.
B11: KIDEM YÜKÜ: bugün itibarıyla tüm çalışanlar işten ayrılsa ödenecek toplam tazminat.
B13: Adım adım
B14: 1. PARAMETRELER sayfasına dönemin SGK ve vergi oranlarını girin. Bu oranlar her yıl değişir.
B15: 2. PERSONEL KARTLARI sayfasına çalışanlarınızı ekleyin: ad, işe giriş tarihi, brüt ücret, yan haklar.
B16: 3. AYLIK BORDRO sayfası personel kartlarından otomatik dolar; kesintiler ve net ücret hesaplanır.
B17: 4. İZİN TAKİBİ sayfasında kullanılan izin günlerini girin; hak edilen gün hizmet yılına göre otomatik gelir.
... B27: Bu dosyadaki hesaplamalar bilgilendirme amaçlıdır; resmî defter, bordro veya mali müşavir hizmeti yerine geçmez. © MiniHesap

Sheet Parametreler
A1: Parametreler
A2: Dönem oranları · her yıl güncelleyin
B4: SGK İşçi Payı | C4: 0.14
B5: İşsizlik Sigortası İşçi Payı | C5: 0.01
B6: Gelir Vergisi Oranı | C6: 0.15
B7: Damga Vergisi Oranı | C7: 0.00759
B8: Aylık Gelir Vergisi İstisnası | C8: 3315.7
B9: Aylık Damga Vergisi İstisnası | C9: 197.38
B10: SGK Tavanı (aylık) | C10: 195041.4
B11: Kıdem Tazminatı Tavanı | C11: 53919.68
B12: Bordro Dönemi | C12: Eylül 2026
B14: Bu tutarlar 2026 dönemi için örnek değerlerdir. Resmî Gazete'de yayımlanan güncel tutarlarla değiştirin.

Sheet Personel Kartları
A1: Personel Kartları
A2: Her çalışan için bir satır
B4: Sicil | C4: Ad Soyad | D4: Görev | E4: İşe Giriş | F4: Brüt Ücret | G4: Yemek Yardımı | H4: Yol Yardımı | I4: Diğer Yan Hak | J4: Doğum Tarihi | K4: Durum
B5: P001 | C5: Ahmet Yılmaz | D5: Satış Uzmanı | E5: 43527.875 | F5: 62000 | G5: 3000 | H5: 2500 | I5: 0 | J5: 33004.875 | K5: Aktif
B6: P002 | C6: Elif Demir | D6: Muhasebe | E6: 44453.875 | F6: 58000 | G6: 3000 | H6: 2500 | I6: 1500 | J6: 34639.917 | K6: Aktif
B7: P003 | C7: Mert Kaya | D7: Depo Sorumlusu | E7: 44934.875 | F7: 47000 | G7: 3000 | H7: 2500 | I7: 0 | J7: 35480.917 | K7: Aktif

Sheet Aylık Bordro
A1: Aylık Bordro
A2: Personel kartlarından otomatik hesaplanır
B4: Sicil | C4: Ad Soyad | D4: Brüt Ücret | E4: SGK İşçi | F4: İşsizlik | G4: Gelir Vergisi | H4: Damga Vergisi | I4: Toplam Kesinti | J4: NET ÜCRET | K4: İşverene Maliyet
B5: =IF('Personel Kartları'!B5="","",'Personel Kartları'!B5) | C5: =IF('Personel Kartları'!C5="","",'Personel Kartları'!C5) | D5: =IF($B5="",0,'Personel Kartları'!F5) | E5: =IF($B5="",0,MIN($D5,Parametreler!$C$10)*Parametreler!$C$4) | F5: =IF($B5="",0,MIN($D5,Parametreler!$C$10)*Parametreler!$C$5) | G5: =IF($B5="",0,MAX(($D5-$E5-$F5)*Parametreler!$C$6-Parametreler!$C$8,0)) | H5: =IF($B5="",0,MAX($D5*Parametreler!$C$7-Parametreler!$C$9,0)) | I5: =SUM($E5:$H5) | J5: =IF($B5="","",$D5-$I5) | K5: =IF($B5="","",$D5*1.225+'Personel Kartları'!G5+'Personel Kartları'!H5+'Personel Kartları'!I5)
B6: =IF('Personel Kartları'!B6="","",'Personel Kartları'!B6) | C6: =IF('Personel Kartları'!C6="","",'Personel Kartları'!C6) | D6: =IF($B6="",0,'Personel Kartları'!F6) | E6: =IF($B6="",0,MIN($D6,Parametreler!$C$10)*Parametreler!$C$4) | F6: =IF($B6="",0,MIN($D6,Parametreler!$C$10)*Parametreler!$C$5) | G6: =IF($B6="",0,MAX(($D6-$E6-$F6)*Parametreler!$C$6-Parametreler!$C$8,0)) | H6: =IF($B6="",0,MAX($D6*Parametreler!$C$7-Parametreler!$C$9,0)) | I6: =SUM($E6:$H6) | J6: =IF($B6="","",$D6-$I6) | K6: =IF($B6="","",$D6*1.225+'Personel Kartları'!G6+'Personel Kartları'!H6+'Personel Kartları'!I6)
B7: =IF('Personel Kartları'!B7="","",'Personel Kartları'!B7) | C7: =IF('Personel Kartları'!C7="","",'Personel Kartları'!C7) | D7: =IF($B7="",0,'Personel Kartları'!F7) | E7: =IF($B7="",0,MIN($D7,Parametreler!$C$10)*Parametreler!$C$4) | F7: =IF($B7="",0,MIN($D7,Parametreler!$C$10)*Parametreler!$C$5) | G7: =IF($B7="",0,MAX(($D7-$E7-$F7)*Parametreler!$C$6-Parametreler!$C$8,0)) | H7: =IF($B7="",0,MAX($D7*Parametreler!$C$7-Parametreler!$C$9,0)) | I7: =SUM($E7:$H7) | J7: =IF($B7="","",$D7-$I7) | K7: =IF($B7="","",$D7*1.225+'Personel Kartları'!G7+'Personel Kartları'!H7+'Personel Kartları'!I7)
B8: =IF('Personel Kartları'!B8="","",'Personel Kartları'!B8) | C8: =IF('Personel Kartları'!C8="","",'Personel Kartları'!C8) | D8: =IF($B8="",0,'Personel Kartları'!F8) | E8: =IF($B8="",0,MIN($D8,Parametreler!$C$10)*Parametreler!$C$4) | F8: =IF($B8="",0,MIN($D8,Parametreler!$C$10)*Parametreler!$C$5) | G8: =IF($B8="",0,MAX(($D8-$E8-$F8)*Parametreler!$C$6-Parametreler!$C$8,0)) | H8: =IF($B8="",0,MAX($D8*Parametreler!$C$7-Parametreler!$C$9,0)) | I8: =SUM($E8:$H8) | J8: =IF($B8="","",$D8-$I8) | K8: =IF($B8="","",$D8*1.225+'Personel Kartları'!G8+'Personel Kartları'!H8+'Personel Kartları'!I8)
B9: =IF('Personel Kartları'!B9="","",'Personel Kartları'!B9) | C9: =IF('Personel Kartları'!C9="","",'Personel Kartları'!C9) | D9: =IF($B9="",0,'Personel Kartları'!F9) | E9: =IF($B9="",0,MIN($D9,Parametreler!$C$10)*Parametreler!$C$4) | F9: =IF($B9="",0,MIN($D9,Parametreler!$C$10)*Parametreler!$C$5) | G9: =IF($B9="",0,MAX(($D9-$E9-$F9)*Parametreler!$C$6-Parametreler!$C$8,0)) | H9: =IF($B9="",0,MAX($D9*Parametreler!$C$7-Parametreler!$C$9,0)) | I9: =SUM($E9:$H9) | J9: =IF($B9="","",$D9-$I9) | K9: =IF($B9="","",$D9*1.225+'Personel Kartları'!G9+'Personel Kartları'!H9+'Personel Kartları'!I9)
B10: =IF('Personel Kartları'!B10="","",'Personel Kartları'!B10) | C10: =IF('Personel Kartları'!C10="","",'Personel Kartları'!C10) | D10: =IF($B10="",0,'Personel Kartları'!F10) | E10: =IF($B10="",0,MIN($D10,Parametreler!$C$10)*Parametreler!$C$4) | F10: =IF($B10="",0,MIN($D10,Parametreler!$C$10)*Parametreler!$C$5) | G10: =IF($B10="",0,MAX(($D10-$E10-$F10)*Parametreler!$C$6-Parametreler!$C$8,0)) | H10: =IF($B10="",0,MAX($D10*Parametreler!$C$7-Parametreler!$C$9,0)) | I10: =SUM($E10:$H10) | J10: =IF($B10="","",$D10-$I10) | K10: =IF($B10="","",$D10*1.225+'Personel Kartları'!G10+'Personel Kartları'!H10+'Personel Kartları'!I10)
B11: =IF('Personel Kartları'!B11="","",'Personel Kartları'!B11) | C11: =IF('Personel Kartları'!C11="","",'Personel Kartları'!C11) | D11: =IF($B11="",0,'Personel Kartları'!F11) | E11: =IF($B11="",0,MIN($D11,Parametreler!$C$10)*Parametreler!$C$4) | F11: =IF($B11="",0,MIN($D11,Parametreler!$C$10)*Parametreler!$C$5) | G11: =IF($B11="",0,MAX(($D11-$E11-$F11)*Parametreler!$C$6-Parametreler!$C$8,0)) | H11: =IF($B11="",0,MAX($D11*Parametreler!$C$7-Parametreler!$C$9,0)) | I11: =SUM($E11:$H11) | J11: =IF($B11="","",$D11-$I11) | K11: =IF($B11="","",$D11*1.225+'Personel Kartları'!G11+'Personel Kartları'!H11+'Personel Kartları'!I11)
B12: =IF('Personel Kartları'!B12="","",'Personel Kartları'!B12) | C12: =IF('Personel Kartları'!C12="","",'Personel Kartları'!C12) | D12: =IF($B12="",0,'Personel Kartları'!F12) | E12: =IF($B12="",0,MIN($D12,Parametreler!$C$10)*Parametreler!$C$4) | F12: =IF($B12="",0,MIN($D12,Parametreler!$C$10)*Parametreler!$C$5) | G12: =IF($B12="",0,MAX(($D12-$E12-$F12)*Parametreler!$C$6-Parametreler!$C$8,0)) | H12: =IF($B12="",0,MAX($D12*Parametreler!$C$7-Parametreler!$C$9,0)) | I12: =SUM($E12:$H12) | J12: =IF($B12="","",$D12-$I12) | K12: =IF($B12="","",$D12*1.225+'Personel Kartları'!G12+'Personel Kartları'!H12+'Personel Kartları'!I12)
B13: =IF('Personel Kartları'!B13="","",'Personel Kartları'!B13) | C13: =IF('Personel Kartları'!C13="","",'Personel Kartları'!C13) | D13: =IF($B13="",0,'Personel Kartları'!F13) | E13: =IF($B13="",0,MIN($D13,Parametreler!$C$10)*Parametreler!$C$4) | F13: =IF($B13="",0,MIN($D13,Parametreler!$C$10)*Parametreler!$C$5) | G13: =IF($B13="",0,MAX(($D13-$E13-$F13)*Parametreler!$C$6-Parametreler!$C$8,0)) | H13: =IF($B13="",0,MAX($D13*Parametreler!$C$7-Parametreler!$C$9,0)) | I13: =SUM($E13:$H13) | J13: =IF($B13="","",$D13-$I13) | K13: =IF($B13="","",$D13*1.225+'Personel Kartları'!G13+'Personel Kartları'!H13+'Personel Kartları'!I13)
B14: =IF('Personel Kartları'!B14="","",'Personel Kartları'!B14) | C14: =IF('Personel Kartları'!C14="","",'Personel Kartları'!C14) | D14: =IF($B14="",0,'Personel Kartları'!F14) | E14: =IF($B14="",0,MIN($D14,Parametreler!$C$10)*Parametreler!$C$4) | F14: =IF($B14="",0,MIN($D14,Parametreler!$C$10)*Parametreler!$C$5) | G14: =IF($B14="",0,MAX(($D14-$E14-$F14)*Parametreler!$C$6-Parametreler!$C$8,0)) | H14: =IF($B14="",0,MAX($D14*Parametreler!$C$7-Parametreler!$C$9,0)) | I14: =SUM($E14:$H14) | J14: =IF($B14="","",$D14-$I14) | K14: =IF($B14="","",$D14*1.225+'Personel Kartları'!G14+'Personel Kartları'!H14+'Personel Kartları'!I14)
B15: =IF('Personel Kartları'!B15="","",'Personel Kartları'!B15) | C15: =IF('Personel Kartları'!C15="","",'Personel Kartları'!C15) | D15: =IF($B15="",0,'Personel Kartları'!F15) | E15: =IF($B15="",0,MIN($D15,Parametreler!$C$10)*Parametreler!$C$4) | F15: =IF($B15="",0,MIN($D15,Parametreler!$C$10)*Parametreler!$C$5) | G15: =IF($B15="",0,MAX(($D15-$E15-$F15)*Parametreler!$C$6-Parametreler!$C$8,0)) | H15: =IF($B15="",0,MAX($D15*Parametreler!$C$7-Parametreler!$C$9,0)) | I15: =SUM($E15:$H15) | J15: =IF($B15="","",$D15-$I15) | K15: =IF($B15="","",$D15*1.225+'Personel Kartları'!G15+'Personel Kartları'!H15+'Personel Kartları'!I15)
B16: =IF('Personel Kartları'!B16="","",'Personel Kartları'!B16) | C16: =IF('Personel Kartları'!C16="","",'Personel Kartları'!C16) | D16: =IF($B16="",0,'Personel Kartları'!F16) | E16: =IF($B16="",0,MIN($D16,Parametreler!$C$10)*Parametreler!$C$4) | F16: =IF($B16="",0,MIN($D16,Parametreler!$C$10)*Parametreler!$C$5) | G16: =IF($B16="",0,MAX(($D16-$E16-$F16)*Parametreler!$C$6-Parametreler!$C$8,0)) | H16: =IF($B16="",0,MAX($D16*Parametreler!$C$7-Parametreler!$C$9,0)) | I16: =SUM($E16:$H16) | J16: =IF($B16="","",$D16-$I16) | K16: =IF($B16="","",$D16*1.225+'Personel Kartları'!G16+'Personel Kartları'!H16+'Personel Kartları'!I16)
... B104: =IF('Personel Kartları'!B104="","",'Personel Kartları'!B104) | C104: =IF('Personel Kartları'!C104="","",'Personel Kartları'!C104) | D104: =IF($B104="",0,'Personel Kartları'!F104) | E104: =IF($B104="",0,MIN($D104,Parametreler!$C$10)*Parametreler!$C$4) | F104: =IF($B104="",0,MIN($D104,Parametreler!$C$10)*Parametreler!$C$5) | G104: =IF($B104="",0,MAX(($D104-$E104-$F104)*Parametreler!$C$6-Parametreler!$C$8,0)) | H104: =IF($B104="",0,MAX($D104*Parametreler!$C$7-Parametreler!$C$9,0)) | I104: =SUM($E104:$H104) | J104: =IF($B104="","",$D104-$I104) | K104: =IF($B104="","",$D104*1.225+'Personel Kartları'!G104+'Personel Kartları'!H104+'Personel Kartları'!I104)
C106: TOPLAM | D106: =SUM(D5:D104) | E106: =SUM(E5:E104) | F106: =SUM(F5:F104) | G106: =SUM(G5:G104) | H106: =SUM(H5:H104) | I106: =SUM(I5:I104) | J106: =SUM(J5:J104) | K106: =SUM(K5:K104)

Sheet İzin Takibi
A1: Yıllık İzin Takibi
A2: Hak edilen gün hizmet yılına göre otomatik gelir
B4: Sicil | C4: Ad Soyad | D4: Hizmet Yılı | E4: Yıllık Hak (gün) | F4: Devreden | G4: Kullanılan | H4: KALAN
B5: =IF('Personel Kartları'!B5="","",'Personel Kartları'!B5) | C5: =IF('Personel Kartları'!C5="","",'Personel Kartları'!C5) | D5: =IF($B5="","",(TODAY()-'Personel Kartları'!E5)/365) | E5: =IF($B5="","",IF($D5<1,0,IF($D5<5,14,IF($D5<15,20,26)))) | H5: =IF($B5="","",$E5+IF($F5="",0,$F5)-IF($G5="",0,$G5))
B6: =IF('Personel Kartları'!B6="","",'Personel Kartları'!B6) | C6: =IF('Personel Kartları'!C6="","",'Personel Kartları'!C6) | D6: =IF($B6="","",(TODAY()-'Personel Kartları'!E6)/365) | E6: =IF($B6="","",IF($D6<1,0,IF($D6<5,14,IF($D6<15,20,26)))) | H6: =IF($B6="","",$E6+IF($F6="",0,$F6)-IF($G6="",0,$G6))
B7: =IF('Personel Kartları'!B7="","",'Personel Kartları'!B7) | C7: =IF('Personel Kartları'!C7="","",'Personel Kartları'!C7) | D7: =IF($B7="","",(TODAY()-'Personel Kartları'!E7)/365) | E7: =IF($B7="","",IF($D7<1,0,IF($D7<5,14,IF($D7<15,20,26)))) | H7: =IF($B7="","",$E7+IF($F7="",0,$F7)-IF($G7="",0,$G7))
B8: =IF('Personel Kartları'!B8="","",'Personel Kartları'!B8) | C8: =IF('Personel Kartları'!C8="","",'Personel Kartları'!C8) | D8: =IF($B8="","",(TODAY()-'Personel Kartları'!E8)/365) | E8: =IF($B8="","",IF($D8<1,0,IF($D8<5,14,IF($D8<15,20,26)))) | H8: =IF($B8="","",$E8+IF($F8="",0,$F8)-IF($G8="",0,$G8))
B9: =IF('Personel Kartları'!B9="","",'Personel Kartları'!B9) | C9: =IF('Personel Kartları'!C9="","",'Personel Kartları'!C9) | D9: =IF($B9="","",(TODAY()-'Personel Kartları'!E9)/365) | E9: =IF($B9="","",IF($D9<1,0,IF($D9<5,14,IF($D9<15,20,26)))) | H9: =IF($B9="","",$E9+IF($F9="",0,$F9)-IF($G9="",0,$G9))
B10: =IF('Personel Kartları'!B10="","",'Personel Kartları'!B10) | C10: =IF('Personel Kartları'!C10="","",'Personel Kartları'!C10) | D10: =IF($B10="","",(TODAY()-'Personel Kartları'!E10)/365) | E10: =IF($B10="","",IF($D10<1,0,IF($D10<5,14,IF($D10<15,20,26)))) | H10: =IF($B10="","",$E10+IF($F10="",0,$F10)-IF($G10="",0,$G10))
B11: =IF('Personel Kartları'!B11="","",'Personel Kartları'!B11) | C11: =IF('Personel Kartları'!C11="","",'Personel Kartları'!C11) | D11: =IF($B11="","",(TODAY()-'Personel Kartları'!E11)/365) | E11: =IF($B11="","",IF($D11<1,0,IF($D11<5,14,IF($D11<15,20,26)))) | H11: =IF($B11="","",$E11+IF($F11="",0,$F11)-IF($G11="",0,$G11))
B12: =IF('Personel Kartları'!B12="","",'Personel Kartları'!B12) | C12: =IF('Personel Kartları'!C12="","",'Personel Kartları'!C12) | D12: =IF($B12="","",(TODAY()-'Personel Kartları'!E12)/365) | E12: =IF($B12="","",IF($D12<1,0,IF($D12<5,14,IF($D12<15,20,26)))) | H12: =IF($B12="","",$E12+IF($F12="",0,$F12)-IF($G12="",0,$G12))
B13: =IF('Personel Kartları'!B13="","",'Personel Kartları'!B13) | C13: =IF('Personel Kartları'!C13="","",'Personel Kartları'!C13) | D13: =IF($B13="","",(TODAY()-'Personel Kartları'!E13)/365) | E13: =IF($B13="","",IF($D13<1,0,IF($D13<5,14,IF($D13<15,20,26)))) | H13: =IF($B13="","",$E13+IF($F13="",0,$F13)-IF($G13="",0,$G13))
B14: =IF('Personel Kartları'!B14="","",'Personel Kartları'!B14) | C14: =IF('Personel Kartları'!C14="","",'Personel Kartları'!C14) | D14: =IF($B14="","",(TODAY()-'Personel Kartları'!E14)/365) | E14: =IF($B14="","",IF($D14<1,0,IF($D14<5,14,IF($D14<15,20,26)))) | H14: =IF($B14="","",$E14+IF($F14="",0,$F14)-IF($G14="",0,$G14))
B15: =IF('Personel Kartları'!B15="","",'Personel Kartları'!B15) | C15: =IF('Personel Kartları'!C15="","",'Personel Kartları'!C15) | D15: =IF($B15="","",(TODAY()-'Personel Kartları'!E15)/365) | E15: =IF($B15="","",IF($D15<1,0,IF($D15<5,14,IF($D15<15,20,26)))) | H15: =IF($B15="","",$E15+IF($F15="",0,$F15)-IF($G15="",0,$G15))
B16: =IF('Personel Kartları'!B16="","",'Personel Kartları'!B16) | C16: =IF('Personel Kartları'!C16="","",'Personel Kartları'!C16) | D16: =IF($B16="","",(TODAY()-'Personel Kartları'!E16)/365) | E16: =IF($B16="","",IF($D16<1,0,IF($D16<5,14,IF($D16<15,20,26)))) | H16: =IF($B16="","",$E16+IF($F16="",0,$F16)-IF($G16="",0,$G16))
... B104: =IF('Personel Kartları'!B104="","",'Personel Kartları'!B104) | C104: =IF('Personel Kartları'!C104="","",'Personel Kartları'!C104) | D104: =IF($B104="","",(TODAY()-'Personel Kartları'!E104)/365) | E104: =IF($B104="","",IF($D104<1,0,IF($D104<5,14,IF($D104<15,20,26)))) | H104: =IF($B104="","",$E104+IF($F104="",0,$F104)-IF($G104="",0,$G104))

Sheet Kıdem Yükü
A1: Kıdem Tazminatı Yükü
A2: Bugün itibarıyla tüm personel ayrılsa ödenecek tutar
B4: Sicil | C4: Ad Soyad | D4: Hizmet Yılı | E4: Giydirilmiş Brüt | F4: Kıdeme Esas Ücret | G4: KIDEM YÜKÜ
B5: =IF('Personel Kartları'!B5="","",'Personel Kartları'!B5) | C5: =IF('Personel Kartları'!C5="","",'Personel Kartları'!C5) | D5: =IF($B5="","",(TODAY()-'Personel Kartları'!E5)/365) | E5: =IF($B5="",0,'Personel Kartları'!F5+'Personel Kartları'!G5+'Personel Kartları'!H5+'Personel Kartları'!I5) | F5: =IF($B5="",0,MIN($E5,Parametreler!$C$11)) | G5: =IF($B5="","",$F5*$D5)
B6: =IF('Personel Kartları'!B6="","",'Personel Kartları'!B6) | C6: =IF('Personel Kartları'!C6="","",'Personel Kartları'!C6) | D6: =IF($B6="","",(TODAY()-'Personel Kartları'!E6)/365) | E6: =IF($B6="",0,'Personel Kartları'!F6+'Personel Kartları'!G6+'Personel Kartları'!H6+'Personel Kartları'!I6) | F6: =IF($B6="",0,MIN($E6,Parametreler!$C$11)) | G6: =IF($B6="","",$F6*$D6)
B7: =IF('Personel Kartları'!B7="","",'Personel Kartları'!B7) | C7: =IF('Personel Kartları'!C7="","",'Personel Kartları'!C7) | D7: =IF($B7="","",(TODAY()-'Personel Kartları'!E7)/365) | E7: =IF($B7="",0,'Personel Kartları'!F7+'Personel Kartları'!G7+'Personel Kartları'!H7+'Personel Kartları'!I7) | F7: =IF($B7="",0,MIN($E7,Parametreler!$C$11)) | G7: =IF($B7="","",$F7*$D7)
B8: =IF('Personel Kartları'!B8="","",'Personel Kartları'!B8) | C8: =IF('Personel Kartları'!C8="","",'Personel Kartları'!C8) | D8: =IF($B8="","",(TODAY()-'Personel Kartları'!E8)/365) | E8: =IF($B8="",0,'Personel Kartları'!F8+'Personel Kartları'!G8+'Personel Kartları'!H8+'Personel Kartları'!I8) | F8: =IF($B8="",0,MIN($E8,Parametreler!$C$11)) | G8: =IF($B8="","",$F8*$D8)
B9: =IF('Personel Kartları'!B9="","",'Personel Kartları'!B9) | C9: =IF('Personel Kartları'!C9="","",'Personel Kartları'!C9) | D9: =IF($B9="","",(TODAY()-'Personel Kartları'!E9)/365) | E9: =IF($B9="",0,'Personel Kartları'!F9+'Personel Kartları'!G9+'Personel Kartları'!H9+'Personel Kartları'!I9) | F9: =IF($B9="",0,MIN($E9,Parametreler!$C$11)) | G9: =IF($B9="","",$F9*$D9)
B10: =IF('Personel Kartları'!B10="","",'Personel Kartları'!B10) | C10: =IF('Personel Kartları'!C10="","",'Personel Kartları'!C10) | D10: =IF($B10="","",(TODAY()-'Personel Kartları'!E10)/365) | E10: =IF($B10="",0,'Personel Kartları'!F10+'Personel Kartları'!G10+'Personel Kartları'!H10+'Personel Kartları'!I10) | F10: =IF($B10="",0,MIN($E10,Parametreler!$C$11)) | G10: =IF($B10="","",$F10*$D10)
B11: =IF('Personel Kartları'!B11="","",'Personel Kartları'!B11) | C11: =IF('Personel Kartları'!C11="","",'Personel Kartları'!C11) | D11: =IF($B11="","",(TODAY()-'Personel Kartları'!E11)/365) | E11: =IF($B11="",0,'Personel Kartları'!F11+'Personel Kartları'!G11+'Personel Kartları'!H11+'Personel Kartları'!I11) | F11: =IF($B11="",0,MIN($E11,Parametreler!$C$11)) | G11: =IF($B11="","",$F11*$D11)
B12: =IF('Personel Kartları'!B12="","",'Personel Kartları'!B12) | C12: =IF('Personel Kartları'!C12="","",'Personel Kartları'!C12) | D12: =IF($B12="","",(TODAY()-'Personel Kartları'!E12)/365) | E12: =IF($B12="",0,'Personel Kartları'!F12+'Personel Kartları'!G12+'Personel Kartları'!H12+'Personel Kartları'!I12) | F12: =IF($B12="",0,MIN($E12,Parametreler!$C$11)) | G12: =IF($B12="","",$F12*$D12)
B13: =IF('Personel Kartları'!B13="","",'Personel Kartları'!B13) | C13: =IF('Personel Kartları'!C13="","",'Personel Kartları'!C13) | D13: =IF($B13="","",(TODAY()-'Personel Kartları'!E13)/365) | E13: =IF($B13="",0,'Personel Kartları'!F13+'Personel Kartları'!G13+'Personel Kartları'!H13+'Personel Kartları'!I13) | F13: =IF($B13="",0,MIN($E13,Parametreler!$C$11)) | G13: =IF($B13="","",$F13*$D13)
B14: =IF('Personel Kartları'!B14="","",'Personel Kartları'!B14) | C14: =IF('Personel Kartları'!C14="","",'Personel Kartları'!C14) | D14: =IF($B14="","",(TODAY()-'Personel Kartları'!E14)/365) | E14: =IF($B14="",0,'Personel Kartları'!F14+'Personel Kartları'!G14+'Personel Kartları'!H14+'Personel Kartları'!I14) | F14: =IF($B14="",0,MIN($E14,Parametreler!$C$11)) | G14: =IF($B14="","",$F14*$D14)
B15: =IF('Personel Kartları'!B15="","",'Personel Kartları'!B15) | C15: =IF('Personel Kartları'!C15="","",'Personel Kartları'!C15) | D15: =IF($B15="","",(TODAY()-'Personel Kartları'!E15)/365) | E15: =IF($B15="",0,'Personel Kartları'!F15+'Personel Kartları'!G15+'Personel Kartları'!H15+'Personel Kartları'!I15) | F15: =IF($B15="",0,MIN($E15,Parametreler!$C$11)) | G15: =IF($B15="","",$F15*$D15)
B16: =IF('Personel Kartları'!B16="","",'Personel Kartları'!B16) | C16: =IF('Personel Kartları'!C16="","",'Personel Kartları'!C16) | D16: =IF($B16="","",(TODAY()-'Personel Kartları'!E16)/365) | E16: =IF($B16="",0,'Personel Kartları'!F16+'Personel Kartları'!G16+'Personel Kartları'!H16+'Personel Kartları'!I16) | F16: =IF($B16="",0,MIN($E16,Parametreler!$C$11)) | G16: =IF($B16="","",$F16*$D16)
... B104: =IF('Personel Kartları'!B104="","",'Personel Kartları'!B104) | C104: =IF('Personel Kartları'!C104="","",'Personel Kartları'!C104) | D104: =IF($B104="","",(TODAY()-'Personel Kartları'!E104)/365) | E104: =IF($B104="",0,'Personel Kartları'!F104+'Personel Kartları'!G104+'Personel Kartları'!H104+'Personel Kartları'!I104) | F104: =IF($B104="",0,MIN($E104,Parametreler!$C$11)) | G104: =IF($B104="","",$F104*$D104)
C106: TOPLAM KIDEM YÜKÜ | G106: =SUM(G5:G104)
B108: Bu tutar bilanço dışı bir yükümlülüktür. Nakit planlamanızda dikkate alın.
