Workbook
Name MalzemeKodlari: 'Malzeme Kartları'!$B$5:$B$204
Name MenuKodlari: 'Menü Kartları'!$B$5:$B$154
Name Kategoriler: Listeler!$B$5:$B$10

Sheet Nasıl Kullanılır
A1: Nasıl Kullanılır?
A2: MiniHesap · minihesap.net
B4: Bu dosya ne işe yarar?
B5: Menünüzdeki her ürünün reçete bazlı gerçek maliyetini hesaplar. Hangi ürün kazandırıyor, hangisi zarar ettiriyor net olarak gösterir. Fire oranlarını da hesaba katar.
B7: Adım adım
B8: 1. MALZEME KARTLARI sayfasına kullandığınız tüm malzemeleri girin: birim, birim fiyat ve fire oranı.
B9: 2. REÇETELER sayfasında her menü ürünü için kullanılan malzemeleri ve miktarları yazın.
B10: 3. MENÜ KARTLARI sayfasına ürünlerinizi ve satış fiyatlarını girin; maliyet reçeteden otomatik gelir.
B11: 4. SATIŞLAR sayfasına günlük satış adetlerini işleyin.
B12: 5. DASHBOARD ciro, maliyet, brüt kâr ve ortalama food cost oranınızı gösterir.
B14: Food cost nedir?
B15: Food cost = ürün maliyeti / satış fiyatı. Sektörde sağlıklı aralık %25-35'tir.
B16: %40'ı aşan ürünlerde ya porsiyon küçültülmeli ya fiyat artırılmalı ya da tedarikçi değiştirilmelidir.
B18: Fire oranı
... B24: Bu dosyadaki hesaplamalar bilgilendirme amaçlıdır; resmî defter, bordro veya mali müşavir hizmeti yerine geçmez. © MiniHesap

Sheet Malzeme Kartları
A1: Malzeme Kartları
A2: Fire oranı girmeyi unutmayın · gerçek maliyeti etkiler
B4: Malzeme Kodu | C4: Malzeme Adı | D4: Birim | E4: Birim Fiyat | F4: Fire | G4: Fireli Birim Maliyet | H4: Tedarikçi
B5: MZ01 | C5: Dana Kıyma | D5: kg | E5: 720 | F5: 0.12 | G5: =IF($B5="","",IF(IF($F5="",0,$F5)>=1,$E5,$E5/(1-IF($F5="",0,$F5)))) | H5: Et Toptan
B6: MZ02 | C6: Hamburger Ekmeği | D6: adet | E6: 14 | F6: 0.03 | G6: =IF($B6="","",IF(IF($F6="",0,$F6)>=1,$E6,$E6/(1-IF($F6="",0,$F6)))) | H6: Fırın A
B7: MZ03 | C7: Cheddar Peyniri | D7: kg | E7: 480 | F7: 0.05 | G7: =IF($B7="","",IF(IF($F7="",0,$F7)>=1,$E7,$E7/(1-IF($F7="",0,$F7)))) | H7: Süt Ürünleri B
B8: MZ04 | C8: Domates | D8: kg | E8: 65 | F8: 0.2 | G8: =IF($B8="","",IF(IF($F8="",0,$F8)>=1,$E8,$E8/(1-IF($F8="",0,$F8)))) | H8: Manav C
B9: MZ05 | C9: Patates | D9: kg | E9: 42 | F9: 0.25 | G9: =IF($B9="","",IF(IF($F9="",0,$F9)>=1,$E9,$E9/(1-IF($F9="",0,$F9)))) | H9: Manav C
B10: MZ06 | C10: Ayçiçek Yağı | D10: lt | E10: 98 | F10: 0 | G10: =IF($B10="","",IF(IF($F10="",0,$F10)>=1,$E10,$E10/(1-IF($F10="",0,$F10)))) | H10: Toptan D
G11: =IF($B11="","",IF(IF($F11="",0,$F11)>=1,$E11,$E11/(1-IF($F11="",0,$F11))))
G12: =IF($B12="","",IF(IF($F12="",0,$F12)>=1,$E12,$E12/(1-IF($F12="",0,$F12))))
G13: =IF($B13="","",IF(IF($F13="",0,$F13)>=1,$E13,$E13/(1-IF($F13="",0,$F13))))
G14: =IF($B14="","",IF(IF($F14="",0,$F14)>=1,$E14,$E14/(1-IF($F14="",0,$F14))))
G15: =IF($B15="","",IF(IF($F15="",0,$F15)>=1,$E15,$E15/(1-IF($F15="",0,$F15))))
G16: =IF($B16="","",IF(IF($F16="",0,$F16)>=1,$E16,$E16/(1-IF($F16="",0,$F16))))
G17: =IF($B17="","",IF(IF($F17="",0,$F17)>=1,$E17,$E17/(1-IF($F17="",0,$F17))))
G18: =IF($B18="","",IF(IF($F18="",0,$F18)>=1,$E18,$E18/(1-IF($F18="",0,$F18))))
G19: =IF($B19="","",IF(IF($F19="",0,$F19)>=1,$E19,$E19/(1-IF($F19="",0,$F19))))
G20: =IF($B20="","",IF(IF($F20="",0,$F20)>=1,$E20,$E20/(1-IF($F20="",0,$F20))))
G21: =IF($B21="","",IF(IF($F21="",0,$F21)>=1,$E21,$E21/(1-IF($F21="",0,$F21))))
G22: =IF($B22="","",IF(IF($F22="",0,$F22)>=1,$E22,$E22/(1-IF($F22="",0,$F22))))
... G204: =IF($B204="","",IF(IF($F204="",0,$F204)>=1,$E204,$E204/(1-IF($F204="",0,$F204))))

Sheet Reçeteler
A1: Reçeteler
A2: Her menü ürünü için kullanılan malzemeleri satır satır girin
B4: Ürün Kodu | C4: Ürün Adı | D4: Malzeme Kodu | E4: Malzeme Adı | F4: Miktar | G4: Birim | H4: Satır Maliyeti
B5: MN01 | C5: =IFERROR(IF($B5="","",VLOOKUP($B5,'Menü Kartları'!$B$5:$C$154,2,FALSE)),"") | D5: MZ01 | E5: =IFERROR(IF($D5="","",VLOOKUP($D5,'Malzeme Kartları'!$B$5:$C$204,2,FALSE)),"— tanımsız —") | F5: 0.15 | G5: =IFERROR(IF($D5="","",VLOOKUP($D5,'Malzeme Kartları'!$B$5:$D$204,3,FALSE)),"") | H5: =IFERROR(IF(OR($D5="",$F5=""),0,$F5*VLOOKUP($D5,'Malzeme Kartları'!$B$5:$G$204,6,FALSE)),0)
B6: MN01 | C6: =IFERROR(IF($B6="","",VLOOKUP($B6,'Menü Kartları'!$B$5:$C$154,2,FALSE)),"") | D6: MZ02 | E6: =IFERROR(IF($D6="","",VLOOKUP($D6,'Malzeme Kartları'!$B$5:$C$204,2,FALSE)),"— tanımsız —") | F6: 1 | G6: =IFERROR(IF($D6="","",VLOOKUP($D6,'Malzeme Kartları'!$B$5:$D$204,3,FALSE)),"") | H6: =IFERROR(IF(OR($D6="",$F6=""),0,$F6*VLOOKUP($D6,'Malzeme Kartları'!$B$5:$G$204,6,FALSE)),0)
B7: MN01 | C7: =IFERROR(IF($B7="","",VLOOKUP($B7,'Menü Kartları'!$B$5:$C$154,2,FALSE)),"") | D7: MZ03 | E7: =IFERROR(IF($D7="","",VLOOKUP($D7,'Malzeme Kartları'!$B$5:$C$204,2,FALSE)),"— tanımsız —") | F7: 0.03 | G7: =IFERROR(IF($D7="","",VLOOKUP($D7,'Malzeme Kartları'!$B$5:$D$204,3,FALSE)),"") | H7: =IFERROR(IF(OR($D7="",$F7=""),0,$F7*VLOOKUP($D7,'Malzeme Kartları'!$B$5:$G$204,6,FALSE)),0)
B8: MN01 | C8: =IFERROR(IF($B8="","",VLOOKUP($B8,'Menü Kartları'!$B$5:$C$154,2,FALSE)),"") | D8: MZ04 | E8: =IFERROR(IF($D8="","",VLOOKUP($D8,'Malzeme Kartları'!$B$5:$C$204,2,FALSE)),"— tanımsız —") | F8: 0.04 | G8: =IFERROR(IF($D8="","",VLOOKUP($D8,'Malzeme Kartları'!$B$5:$D$204,3,FALSE)),"") | H8: =IFERROR(IF(OR($D8="",$F8=""),0,$F8*VLOOKUP($D8,'Malzeme Kartları'!$B$5:$G$204,6,FALSE)),0)
B9: MN02 | C9: =IFERROR(IF($B9="","",VLOOKUP($B9,'Menü Kartları'!$B$5:$C$154,2,FALSE)),"") | D9: MZ05 | E9: =IFERROR(IF($D9="","",VLOOKUP($D9,'Malzeme Kartları'!$B$5:$C$204,2,FALSE)),"— tanımsız —") | F9: 0.25 | G9: =IFERROR(IF($D9="","",VLOOKUP($D9,'Malzeme Kartları'!$B$5:$D$204,3,FALSE)),"") | H9: =IFERROR(IF(OR($D9="",$F9=""),0,$F9*VLOOKUP($D9,'Malzeme Kartları'!$B$5:$G$204,6,FALSE)),0)
B10: MN02 | C10: =IFERROR(IF($B10="","",VLOOKUP($B10,'Menü Kartları'!$B$5:$C$154,2,FALSE)),"") | D10: MZ06 | E10: =IFERROR(IF($D10="","",VLOOKUP($D10,'Malzeme Kartları'!$B$5:$C$204,2,FALSE)),"— tanımsız —") | F10: 0.05 | G10: =IFERROR(IF($D10="","",VLOOKUP($D10,'Malzeme Kartları'!$B$5:$D$204,3,FALSE)),"") | H10: =IFERROR(IF(OR($D10="",$F10=""),0,$F10*VLOOKUP($D10,'Malzeme Kartları'!$B$5:$G$204,6,FALSE)),0)
C11: =IFERROR(IF($B11="","",VLOOKUP($B11,'Menü Kartları'!$B$5:$C$154,2,FALSE)),"") | E11: =IFERROR(IF($D11="","",VLOOKUP($D11,'Malzeme Kartları'!$B$5:$C$204,2,FALSE)),"— tanımsız —") | G11: =IFERROR(IF($D11="","",VLOOKUP($D11,'Malzeme Kartları'!$B$5:$D$204,3,FALSE)),"") | H11: =IFERROR(IF(OR($D11="",$F11=""),0,$F11*VLOOKUP($D11,'Malzeme Kartları'!$B$5:$G$204,6,FALSE)),0)
C12: =IFERROR(IF($B12="","",VLOOKUP($B12,'Menü Kartları'!$B$5:$C$154,2,FALSE)),"") | E12: =IFERROR(IF($D12="","",VLOOKUP($D12,'Malzeme Kartları'!$B$5:$C$204,2,FALSE)),"— tanımsız —") | G12: =IFERROR(IF($D12="","",VLOOKUP($D12,'Malzeme Kartları'!$B$5:$D$204,3,FALSE)),"") | H12: =IFERROR(IF(OR($D12="",$F12=""),0,$F12*VLOOKUP($D12,'Malzeme Kartları'!$B$5:$G$204,6,FALSE)),0)
C13: =IFERROR(IF($B13="","",VLOOKUP($B13,'Menü Kartları'!$B$5:$C$154,2,FALSE)),"") | E13: =IFERROR(IF($D13="","",VLOOKUP($D13,'Malzeme Kartları'!$B$5:$C$204,2,FALSE)),"— tanımsız —") | G13: =IFERROR(IF($D13="","",VLOOKUP($D13,'Malzeme Kartları'!$B$5:$D$204,3,FALSE)),"") | H13: =IFERROR(IF(OR($D13="",$F13=""),0,$F13*VLOOKUP($D13,'Malzeme Kartları'!$B$5:$G$204,6,FALSE)),0)
C14: =IFERROR(IF($B14="","",VLOOKUP($B14,'Menü Kartları'!$B$5:$C$154,2,FALSE)),"") | E14: =IFERROR(IF($D14="","",VLOOKUP($D14,'Malzeme Kartları'!$B$5:$C$204,2,FALSE)),"— tanımsız —") | G14: =IFERROR(IF($D14="","",VLOOKUP($D14,'Malzeme Kartları'!$B$5:$D$204,3,FALSE)),"") | H14: =IFERROR(IF(OR($D14="",$F14=""),0,$F14*VLOOKUP($D14,'Malzeme Kartları'!$B$5:$G$204,6,FALSE)),0)
C15: =IFERROR(IF($B15="","",VLOOKUP($B15,'Menü Kartları'!$B$5:$C$154,2,FALSE)),"") | E15: =IFERROR(IF($D15="","",VLOOKUP($D15,'Malzeme Kartları'!$B$5:$C$204,2,FALSE)),"— tanımsız —") | G15: =IFERROR(IF($D15="","",VLOOKUP($D15,'Malzeme Kartları'!$B$5:$D$204,3,FALSE)),"") | H15: =IFERROR(IF(OR($D15="",$F15=""),0,$F15*VLOOKUP($D15,'Malzeme Kartları'!$B$5:$G$204,6,FALSE)),0)
C16: =IFERROR(IF($B16="","",VLOOKUP($B16,'Menü Kartları'!$B$5:$C$154,2,FALSE)),"") | E16: =IFERROR(IF($D16="","",VLOOKUP($D16,'Malzeme Kartları'!$B$5:$C$204,2,FALSE)),"— tanımsız —") | G16: =IFERROR(IF($D16="","",VLOOKUP($D16,'Malzeme Kartları'!$B$5:$D$204,3,FALSE)),"") | H16: =IFERROR(IF(OR($D16="",$F16=""),0,$F16*VLOOKUP($D16,'Malzeme Kartları'!$B$5:$G$204,6,FALSE)),0)
C17: =IFERROR(IF($B17="","",VLOOKUP($B17,'Menü Kartları'!$B$5:$C$154,2,FALSE)),"") | E17: =IFERROR(IF($D17="","",VLOOKUP($D17,'Malzeme Kartları'!$B$5:$C$204,2,FALSE)),"— tanımsız —") | G17: =IFERROR(IF($D17="","",VLOOKUP($D17,'Malzeme Kartları'!$B$5:$D$204,3,FALSE)),"") | H17: =IFERROR(IF(OR($D17="",$F17=""),0,$F17*VLOOKUP($D17,'Malzeme Kartları'!$B$5:$G$204,6,FALSE)),0)
C18: =IFERROR(IF($B18="","",VLOOKUP($B18,'Menü Kartları'!$B$5:$C$154,2,FALSE)),"") | E18: =IFERROR(IF($D18="","",VLOOKUP($D18,'Malzeme Kartları'!$B$5:$C$204,2,FALSE)),"— tanımsız —") | G18: =IFERROR(IF($D18="","",VLOOKUP($D18,'Malzeme Kartları'!$B$5:$D$204,3,FALSE)),"") | H18: =IFERROR(IF(OR($D18="",$F18=""),0,$F18*VLOOKUP($D18,'Malzeme Kartları'!$B$5:$G$204,6,FALSE)),0)
C19: =IFERROR(IF($B19="","",VLOOKUP($B19,'Menü Kartları'!$B$5:$C$154,2,FALSE)),"") | E19: =IFERROR(IF($D19="","",VLOOKUP($D19,'Malzeme Kartları'!$B$5:$C$204,2,FALSE)),"— tanımsız —") | G19: =IFERROR(IF($D19="","",VLOOKUP($D19,'Malzeme Kartları'!$B$5:$D$204,3,FALSE)),"") | H19: =IFERROR(IF(OR($D19="",$F19=""),0,$F19*VLOOKUP($D19,'Malzeme Kartları'!$B$5:$G$204,6,FALSE)),0)
C20: =IFERROR(IF($B20="","",VLOOKUP($B20,'Menü Kartları'!$B$5:$C$154,2,FALSE)),"") | E20: =IFERROR(IF($D20="","",VLOOKUP($D20,'Malzeme Kartları'!$B$5:$C$204,2,FALSE)),"— tanımsız —") | G20: =IFERROR(IF($D20="","",VLOOKUP($D20,'Malzeme Kartları'!$B$5:$D$204,3,FALSE)),"") | H20: =IFERROR(IF(OR($D20="",$F20=""),0,$F20*VLOOKUP($D20,'Malzeme Kartları'!$B$5:$G$204,6,FALSE)),0)
C21: =IFERROR(IF($B21="","",VLOOKUP($B21,'Menü Kartları'!$B$5:$C$154,2,FALSE)),"") | E21: =IFERROR(IF($D21="","",VLOOKUP($D21,'Malzeme Kartları'!$B$5:$C$204,2,FALSE)),"— tanımsız —") | G21: =IFERROR(IF($D21="","",VLOOKUP($D21,'Malzeme Kartları'!$B$5:$D$204,3,FALSE)),"") | H21: =IFERROR(IF(OR($D21="",$F21=""),0,$F21*VLOOKUP($D21,'Malzeme Kartları'!$B$5:$G$204,6,FALSE)),0)
C22: =IFERROR(IF($B22="","",VLOOKUP($B22,'Menü Kartları'!$B$5:$C$154,2,FALSE)),"") | E22: =IFERROR(IF($D22="","",VLOOKUP($D22,'Malzeme Kartları'!$B$5:$C$204,2,FALSE)),"— tanımsız —") | G22: =IFERROR(IF($D22="","",VLOOKUP($D22,'Malzeme Kartları'!$B$5:$D$204,3,FALSE)),"") | H22: =IFERROR(IF(OR($D22="",$F22=""),0,$F22*VLOOKUP($D22,'Malzeme Kartları'!$B$5:$G$204,6,FALSE)),0)
... C804: =IFERROR(IF($B804="","",VLOOKUP($B804,'Menü Kartları'!$B$5:$C$154,2,FALSE)),"") | E804: =IFERROR(IF($D804="","",VLOOKUP($D804,'Malzeme Kartları'!$B$5:$C$204,2,FALSE)),"— tanımsız —") | G804: =IFERROR(IF($D804="","",VLOOKUP($D804,'Malzeme Kartları'!$B$5:$D$204,3,FALSE)),"") | H804: =IFERROR(IF(OR($D804="",$F804=""),0,$F804*VLOOKUP($D804,'Malzeme Kartları'!$B$5:$G$204,6,FALSE)),0)

Sheet Menü Kartları
A1: Menü Kartları
A2: Maliyet reçetelerden otomatik hesaplanır
B4: Ürün Kodu | C4: Ürün Adı | D4: Kategori | E4: Satış Fiyatı | F4: KDV | G4: Reçete Maliyeti | H4: Porsiyon Kârı | I4: Food Cost | J4: Durum
B5: MN01 | C5: Cheeseburger | D5: Ana Yemek | E5: 385 | F5: 0.1 | G5: =IF($B5="",0,SUMIF('Reçeteler'!$B$5:$B$804,$B5,'Reçeteler'!$H$5:$H$804)) | H5: =IF($B5="","",$E5/(1+IF($F5="",0,$F5))-$G5) | I5: =IF(OR($B5="",$E5=0),"",$G5/($E5/(1+IF($F5="",0,$F5)))) | J5: =IF($B5="","",IF($I5>0.4,"YÜKSEK",IF($I5>0.35,"DİKKAT","Sağlıklı")))
B6: MN02 | C6: Patates Kızartması | D6: Atıştırmalık | E6: 145 | F6: 0.1 | G6: =IF($B6="",0,SUMIF('Reçeteler'!$B$5:$B$804,$B6,'Reçeteler'!$H$5:$H$804)) | H6: =IF($B6="","",$E6/(1+IF($F6="",0,$F6))-$G6) | I6: =IF(OR($B6="",$E6=0),"",$G6/($E6/(1+IF($F6="",0,$F6)))) | J6: =IF($B6="","",IF($I6>0.4,"YÜKSEK",IF($I6>0.35,"DİKKAT","Sağlıklı")))
G7: =IF($B7="",0,SUMIF('Reçeteler'!$B$5:$B$804,$B7,'Reçeteler'!$H$5:$H$804)) | H7: =IF($B7="","",$E7/(1+IF($F7="",0,$F7))-$G7) | I7: =IF(OR($B7="",$E7=0),"",$G7/($E7/(1+IF($F7="",0,$F7)))) | J7: =IF($B7="","",IF($I7>0.4,"YÜKSEK",IF($I7>0.35,"DİKKAT","Sağlıklı")))
G8: =IF($B8="",0,SUMIF('Reçeteler'!$B$5:$B$804,$B8,'Reçeteler'!$H$5:$H$804)) | H8: =IF($B8="","",$E8/(1+IF($F8="",0,$F8))-$G8) | I8: =IF(OR($B8="",$E8=0),"",$G8/($E8/(1+IF($F8="",0,$F8)))) | J8: =IF($B8="","",IF($I8>0.4,"YÜKSEK",IF($I8>0.35,"DİKKAT","Sağlıklı")))
G9: =IF($B9="",0,SUMIF('Reçeteler'!$B$5:$B$804,$B9,'Reçeteler'!$H$5:$H$804)) | H9: =IF($B9="","",$E9/(1+IF($F9="",0,$F9))-$G9) | I9: =IF(OR($B9="",$E9=0),"",$G9/($E9/(1+IF($F9="",0,$F9)))) | J9: =IF($B9="","",IF($I9>0.4,"YÜKSEK",IF($I9>0.35,"DİKKAT","Sağlıklı")))
G10: =IF($B10="",0,SUMIF('Reçeteler'!$B$5:$B$804,$B10,'Reçeteler'!$H$5:$H$804)) | H10: =IF($B10="","",$E10/(1+IF($F10="",0,$F10))-$G10) | I10: =IF(OR($B10="",$E10=0),"",$G10/($E10/(1+IF($F10="",0,$F10)))) | J10: =IF($B10="","",IF($I10>0.4,"YÜKSEK",IF($I10>0.35,"DİKKAT","Sağlıklı")))
G11: =IF($B11="",0,SUMIF('Reçeteler'!$B$5:$B$804,$B11,'Reçeteler'!$H$5:$H$804)) | H11: =IF($B11="","",$E11/(1+IF($F11="",0,$F11))-$G11) | I11: =IF(OR($B11="",$E11=0),"",$G11/($E11/(1+IF($F11="",0,$F11)))) | J11: =IF($B11="","",IF($I11>0.4,"YÜKSEK",IF($I11>0.35,"DİKKAT","Sağlıklı")))
G12: =IF($B12="",0,SUMIF('Reçeteler'!$B$5:$B$804,$B12,'Reçeteler'!$H$5:$H$804)) | H12: =IF($B12="","",$E12/(1+IF($F12="",0,$F12))-$G12) | I12: =IF(OR($B12="",$E12=0),"",$G12/($E12/(1+IF($F12="",0,$F12)))) | J12: =IF($B12="","",IF($I12>0.4,"YÜKSEK",IF($I12>0.35,"DİKKAT","Sağlıklı")))
G13: =IF($B13="",0,SUMIF('Reçeteler'!$B$5:$B$804,$B13,'Reçeteler'!$H$5:$H$804)) | H13: =IF($B13="","",$E13/(1+IF($F13="",0,$F13))-$G13) | I13: =IF(OR($B13="",$E13=0),"",$G13/($E13/(1+IF($F13="",0,$F13)))) | J13: =IF($B13="","",IF($I13>0.4,"YÜKSEK",IF($I13>0.35,"DİKKAT","Sağlıklı")))
G14: =IF($B14="",0,SUMIF('Reçeteler'!$B$5:$B$804,$B14,'Reçeteler'!$H$5:$H$804)) | H14: =IF($B14="","",$E14/(1+IF($F14="",0,$F14))-$G14) | I14: =IF(OR($B14="",$E14=0),"",$G14/($E14/(1+IF($F14="",0,$F14)))) | J14: =IF($B14="","",IF($I14>0.4,"YÜKSEK",IF($I14>0.35,"DİKKAT","Sağlıklı")))
G15: =IF($B15="",0,SUMIF('Reçeteler'!$B$5:$B$804,$B15,'Reçeteler'!$H$5:$H$804)) | H15: =IF($B15="","",$E15/(1+IF($F15="",0,$F15))-$G15) | I15: =IF(OR($B15="",$E15=0),"",$G15/($E15/(1+IF($F15="",0,$F15)))) | J15: =IF($B15="","",IF($I15>0.4,"YÜKSEK",IF($I15>0.35,"DİKKAT","Sağlıklı")))
G16: =IF($B16="",0,SUMIF('Reçeteler'!$B$5:$B$804,$B16,'Reçeteler'!$H$5:$H$804)) | H16: =IF($B16="","",$E16/(1+IF($F16="",0,$F16))-$G16) | I16: =IF(OR($B16="",$E16=0),"",$G16/($E16/(1+IF($F16="",0,$F16)))) | J16: =IF($B16="","",IF($I16>0.4,"YÜKSEK",IF($I16>0.35,"DİKKAT","Sağlıklı")))
G17: =IF($B17="",0,SUMIF('Reçeteler'!$B$5:$B$804,$B17,'Reçeteler'!$H$5:$H$804)) | H17: =IF($B17="","",$E17/(1+IF($F17="",0,$F17))-$G17) | I17: =IF(OR($B17="",$E17=0),"",$G17/($E17/(1+IF($F17="",0,$F17)))) | J17: =IF($B17="","",IF($I17>0.4,"YÜKSEK",IF($I17>0.35,"DİKKAT","Sağlıklı")))
G18: =IF($B18="",0,SUMIF('Reçeteler'!$B$5:$B$804,$B18,'Reçeteler'!$H$5:$H$804)) | H18: =IF($B18="","",$E18/(1+IF($F18="",0,$F18))-$G18) | I18: =IF(OR($B18="",$E18=0),"",$G18/($E18/(1+IF($F18="",0,$F18)))) | J18: =IF($B18="","",IF($I18>0.4,"YÜKSEK",IF($I18>0.35,"DİKKAT","Sağlıklı")))
... G154: =IF($B154="",0,SUMIF('Reçeteler'!$B$5:$B$804,$B154,'Reçeteler'!$H$5:$H$804)) | H154: =IF($B154="","",$E154/(1+IF($F154="",0,$F154))-$G154) | I154: =IF(OR($B154="",$E154=0),"",$G154/($E154/(1+IF($F154="",0,$F154)))) | J154: =IF($B154="","",IF($I154>0.4,"YÜKSEK",IF($I154>0.35,"DİKKAT","Sağlıklı")))

Sheet Satışlar
A1: Satışlar
A2: Günlük satış adetlerini işleyin
B4: Tarih | C4: Ürün Kodu | D4: Ürün Adı | E4: Adet | F4: Ciro | G4: Maliyet | H4: Brüt Kâr
D5: =IFERROR(IF($C5="","",VLOOKUP($C5,'Menü Kartları'!$B$5:$C$154,2,FALSE)),"— tanımsız —") | F5: =IFERROR(IF(OR($C5="",$E5=""),0,$E5*VLOOKUP($C5,'Menü Kartları'!$B$5:$E$154,4,FALSE)),0) | G5: =IFERROR(IF(OR($C5="",$E5=""),0,$E5*VLOOKUP($C5,'Menü Kartları'!$B$5:$G$154,6,FALSE)),0) | H5: =IF($C5="","",$F5-$G5)
D6: =IFERROR(IF($C6="","",VLOOKUP($C6,'Menü Kartları'!$B$5:$C$154,2,FALSE)),"— tanımsız —") | F6: =IFERROR(IF(OR($C6="",$E6=""),0,$E6*VLOOKUP($C6,'Menü Kartları'!$B$5:$E$154,4,FALSE)),0) | G6: =IFERROR(IF(OR($C6="",$E6=""),0,$E6*VLOOKUP($C6,'Menü Kartları'!$B$5:$G$154,6,FALSE)),0) | H6: =IF($C6="","",$F6-$G6)
D7: =IFERROR(IF($C7="","",VLOOKUP($C7,'Menü Kartları'!$B$5:$C$154,2,FALSE)),"— tanımsız —") | F7: =IFERROR(IF(OR($C7="",$E7=""),0,$E7*VLOOKUP($C7,'Menü Kartları'!$B$5:$E$154,4,FALSE)),0) | G7: =IFERROR(IF(OR($C7="",$E7=""),0,$E7*VLOOKUP($C7,'Menü Kartları'!$B$5:$G$154,6,FALSE)),0) | H7: =IF($C7="","",$F7-$G7)
D8: =IFERROR(IF($C8="","",VLOOKUP($C8,'Menü Kartları'!$B$5:$C$154,2,FALSE)),"— tanımsız —") | F8: =IFERROR(IF(OR($C8="",$E8=""),0,$E8*VLOOKUP($C8,'Menü Kartları'!$B$5:$E$154,4,FALSE)),0) | G8: =IFERROR(IF(OR($C8="",$E8=""),0,$E8*VLOOKUP($C8,'Menü Kartları'!$B$5:$G$154,6,FALSE)),0) | H8: =IF($C8="","",$F8-$G8)
D9: =IFERROR(IF($C9="","",VLOOKUP($C9,'Menü Kartları'!$B$5:$C$154,2,FALSE)),"— tanımsız —") | F9: =IFERROR(IF(OR($C9="",$E9=""),0,$E9*VLOOKUP($C9,'Menü Kartları'!$B$5:$E$154,4,FALSE)),0) | G9: =IFERROR(IF(OR($C9="",$E9=""),0,$E9*VLOOKUP($C9,'Menü Kartları'!$B$5:$G$154,6,FALSE)),0) | H9: =IF($C9="","",$F9-$G9)
D10: =IFERROR(IF($C10="","",VLOOKUP($C10,'Menü Kartları'!$B$5:$C$154,2,FALSE)),"— tanımsız —") | F10: =IFERROR(IF(OR($C10="",$E10=""),0,$E10*VLOOKUP($C10,'Menü Kartları'!$B$5:$E$154,4,FALSE)),0) | G10: =IFERROR(IF(OR($C10="",$E10=""),0,$E10*VLOOKUP($C10,'Menü Kartları'!$B$5:$G$154,6,FALSE)),0) | H10: =IF($C10="","",$F10-$G10)
D11: =IFERROR(IF($C11="","",VLOOKUP($C11,'Menü Kartları'!$B$5:$C$154,2,FALSE)),"— tanımsız —") | F11: =IFERROR(IF(OR($C11="",$E11=""),0,$E11*VLOOKUP($C11,'Menü Kartları'!$B$5:$E$154,4,FALSE)),0) | G11: =IFERROR(IF(OR($C11="",$E11=""),0,$E11*VLOOKUP($C11,'Menü Kartları'!$B$5:$G$154,6,FALSE)),0) | H11: =IF($C11="","",$F11-$G11)
D12: =IFERROR(IF($C12="","",VLOOKUP($C12,'Menü Kartları'!$B$5:$C$154,2,FALSE)),"— tanımsız —") | F12: =IFERROR(IF(OR($C12="",$E12=""),0,$E12*VLOOKUP($C12,'Menü Kartları'!$B$5:$E$154,4,FALSE)),0) | G12: =IFERROR(IF(OR($C12="",$E12=""),0,$E12*VLOOKUP($C12,'Menü Kartları'!$B$5:$G$154,6,FALSE)),0) | H12: =IF($C12="","",$F12-$G12)
D13: =IFERROR(IF($C13="","",VLOOKUP($C13,'Menü Kartları'!$B$5:$C$154,2,FALSE)),"— tanımsız —") | F13: =IFERROR(IF(OR($C13="",$E13=""),0,$E13*VLOOKUP($C13,'Menü Kartları'!$B$5:$E$154,4,FALSE)),0) | G13: =IFERROR(IF(OR($C13="",$E13=""),0,$E13*VLOOKUP($C13,'Menü Kartları'!$B$5:$G$154,6,FALSE)),0) | H13: =IF($C13="","",$F13-$G13)
D14: =IFERROR(IF($C14="","",VLOOKUP($C14,'Menü Kartları'!$B$5:$C$154,2,FALSE)),"— tanımsız —") | F14: =IFERROR(IF(OR($C14="",$E14=""),0,$E14*VLOOKUP($C14,'Menü Kartları'!$B$5:$E$154,4,FALSE)),0) | G14: =IFERROR(IF(OR($C14="",$E14=""),0,$E14*VLOOKUP($C14,'Menü Kartları'!$B$5:$G$154,6,FALSE)),0) | H14: =IF($C14="","",$F14-$G14)
D15: =IFERROR(IF($C15="","",VLOOKUP($C15,'Menü Kartları'!$B$5:$C$154,2,FALSE)),"— tanımsız —") | F15: =IFERROR(IF(OR($C15="",$E15=""),0,$E15*VLOOKUP($C15,'Menü Kartları'!$B$5:$E$154,4,FALSE)),0) | G15: =IFERROR(IF(OR($C15="",$E15=""),0,$E15*VLOOKUP($C15,'Menü Kartları'!$B$5:$G$154,6,FALSE)),0) | H15: =IF($C15="","",$F15-$G15)
D16: =IFERROR(IF($C16="","",VLOOKUP($C16,'Menü Kartları'!$B$5:$C$154,2,FALSE)),"— tanımsız —") | F16: =IFERROR(IF(OR($C16="",$E16=""),0,$E16*VLOOKUP($C16,'Menü Kartları'!$B$5:$E$154,4,FALSE)),0) | G16: =IFERROR(IF(OR($C16="",$E16=""),0,$E16*VLOOKUP($C16,'Menü Kartları'!$B$5:$G$154,6,FALSE)),0) | H16: =IF($C16="","",$F16-$G16)
... D804: =IFERROR(IF($C804="","",VLOOKUP($C804,'Menü Kartları'!$B$5:$C$154,2,FALSE)),"— tanımsız —") | F804: =IFERROR(IF(OR($C804="",$E804=""),0,$E804*VLOOKUP($C804,'Menü Kartları'!$B$5:$E$154,4,FALSE)),0) | G804: =IFERROR(IF(OR($C804="",$E804=""),0,$E804*VLOOKUP($C804,'Menü Kartları'!$B$5:$G$154,6,FALSE)),0) | H804: =IF($C804="","",$F804-$G804)

Sheet Dashboard
A1: Maliyet Paneli Özeti
A2: Satışlar ve menü kartlarından beslenir
B4: TOPLAM CİRO | C4: =SUM('Satışlar'!$F$5:$F$804) | E4: SATILAN TOPLAM PORSİYON | F4: =SUM('Satışlar'!$E$5:$E$804)
B5: TOPLAM MALZEME MALİYETİ | C5: =SUM('Satışlar'!$G$5:$G$804) | E5: MENÜDEKİ ÜRÜN SAYISI | F5: =COUNTA('Menü Kartları'!$B$5:$B$154)
B6: BRÜT KÂR | C6: =SUM('Satışlar'!$H$5:$H$804) | E6: FOOD COST YÜKSEK ÜRÜN | F6: =COUNTIF('Menü Kartları'!$J$5:$J$154,"YÜKSEK")
B7: ORTALAMA FOOD COST | C7: =IFERROR(SUM('Satışlar'!$G$5:$G$804)/SUM('Satışlar'!$F$5:$F$804),0) | E7: DİKKAT EDİLECEK ÜRÜN | F7: =COUNTIF('Menü Kartları'!$J$5:$J$154,"DİKKAT")
B10: EN ÇOK KÂR GETİREN ÜRÜNLER
C11: Ürün | D11: Porsiyon Kârı
C12: =IFERROR(INDEX('Menü Kartları'!$C$5:$C$154,MATCH(LARGE('Menü Kartları'!$H$5:$H$154,1),'Menü Kartları'!$H$5:$H$154,0)),"") | D12: =IFERROR(LARGE('Menü Kartları'!$H$5:$H$154,1),"")
C13: =IFERROR(INDEX('Menü Kartları'!$C$5:$C$154,MATCH(LARGE('Menü Kartları'!$H$5:$H$154,2),'Menü Kartları'!$H$5:$H$154,0)),"") | D13: =IFERROR(LARGE('Menü Kartları'!$H$5:$H$154,2),"")
C14: =IFERROR(INDEX('Menü Kartları'!$C$5:$C$154,MATCH(LARGE('Menü Kartları'!$H$5:$H$154,3),'Menü Kartları'!$H$5:$H$154,0)),"") | D14: =IFERROR(LARGE('Menü Kartları'!$H$5:$H$154,3),"")
C15: =IFERROR(INDEX('Menü Kartları'!$C$5:$C$154,MATCH(LARGE('Menü Kartları'!$H$5:$H$154,4),'Menü Kartları'!$H$5:$H$154,0)),"") | D15: =IFERROR(LARGE('Menü Kartları'!$H$5:$H$154,4),"")
C16: =IFERROR(INDEX('Menü Kartları'!$C$5:$C$154,MATCH(LARGE('Menü Kartları'!$H$5:$H$154,5),'Menü Kartları'!$H$5:$H$154,0)),"") | D16: =IFERROR(LARGE('Menü Kartları'!$H$5:$H$154,5),"")
C17: =IFERROR(INDEX('Menü Kartları'!$C$5:$C$154,MATCH(LARGE('Menü Kartları'!$H$5:$H$154,6),'Menü Kartları'!$H$5:$H$154,0)),"") | D17: =IFERROR(LARGE('Menü Kartları'!$H$5:$H$154,6),"")
C18: =IFERROR(INDEX('Menü Kartları'!$C$5:$C$154,MATCH(LARGE('Menü Kartları'!$H$5:$H$154,7),'Menü Kartları'!$H$5:$H$154,0)),"") | D18: =IFERROR(LARGE('Menü Kartları'!$H$5:$H$154,7),"")
C19: =IFERROR(INDEX('Menü Kartları'!$C$5:$C$154,MATCH(LARGE('Menü Kartları'!$H$5:$H$154,8),'Menü Kartları'!$H$5:$H$154,0)),"") | D19: =IFERROR(LARGE('Menü Kartları'!$H$5:$H$154,8),"")
C20: =IFERROR(INDEX('Menü Kartları'!$C$5:$C$154,MATCH(LARGE('Menü Kartları'!$H$5:$H$154,9),'Menü Kartları'!$H$5:$H$154,0)),"") | D20: =IFERROR(LARGE('Menü Kartları'!$H$5:$H$154,9),"")
C21: =IFERROR(INDEX('Menü Kartları'!$C$5:$C$154,MATCH(LARGE('Menü Kartları'!$H$5:$H$154,10),'Menü Kartları'!$H$5:$H$154,0)),"") | D21: =IFERROR(LARGE('Menü Kartları'!$H$5:$H$154,10),"")
B23: Food cost %25-35 aralığı sağlıklıdır. %40'ı aşan ürünlerde porsiyonu küçültün, fiyatı artırın veya tedarikçi değiştirin. Malzeme fiyatları değiştiğinde MALZEME KARTLARI sayfasını güncellemeniz yeterli; tüm reçete maliyetleri kendiliğinden yenilenir.

Sheet Listeler
A1: Listeler
A2: Açılır menüleri besler
B4: Menü Kategorileri
B5: Ana Yemek
B6: Başlangıç
B7: Tatlı
B8: Sıcak İçecek
B9: Soğuk İçecek
B10: Atıştırmalık
