Workbook
Name UrunKodlari: 'Ürün Kartları'!$B$5:$B$154
Name Pazaryerleri: 'Pazaryeri Kartları'!$B$5:$B$24

Sheet Nasıl Kullanılır
A1: Nasıl Kullanılır?
A2: MiniHesap · minihesap.net
B4: Bu dosya ne işe yarar?
B5: Pazaryerinde sattığınız her üründen komisyon, kargo, iade ve reklam maliyetleri düşüldükten sonra GERÇEKTE ne kadar kâr ettiğinizi hesaplar. Çoğu satıcı ciroya bakar; bu dosya net kârı gösterir.
B7: Dosyanın yapısı
B8: ÜRÜN KARTLARI ve PAZARYERİ KARTLARI bir kez doldurulur.
B9: SATIŞLAR sayfasına her satışı işlersiniz.
B10: ÜRÜN KÂRLILIK ve DASHBOARD otomatik hesaplanır.
B12: Adım adım
B13: 1. PAZARYERİ KARTLARI sayfasına çalıştığınız pazaryerlerini ve komisyon oranlarını girin.
B14: 2. ÜRÜN KARTLARI sayfasına ürünlerinizi ekleyin: alış maliyeti, kargo ve paketleme maliyeti.
B15: 3. SATIŞLAR sayfasında ürün ve pazaryerini açılır listeden seçin, satış fiyatı ve adedi girin.
B16: 4. Komisyon otomatik hesaplanır; iade olduysa İade sütununa 1 yazın.
B17: 5. ÜRÜN KÂRLILIK sayfası hangi ürünün gerçekten kazandırdığını gösterir.
... B26: Bu dosyadaki hesaplamalar bilgilendirme amaçlıdır; resmî defter, bordro veya mali müşavir hizmeti yerine geçmez. © MiniHesap

Sheet Pazaryeri Kartları
A1: Pazaryeri Kartları
A2: Komisyon oranları satışlarda otomatik uygulanır
B4: Pazaryeri | C4: Komisyon | D4: Sabit Hizmet Bedeli | E4: Kargo Katkısı | F4: Vade (gün)
B5: Pazaryeri A | C5: 0.18 | D5: 6.99 | E5: 0 | F5: 30
B6: Pazaryeri B | C6: 0.155 | D6: 8.49 | E6: 0 | F6: 21
B7: Pazaryeri C | C7: 0.22 | D7: 0 | E7: 0 | F7: 45
B8: Kendi Sitem | C8: 0.03 | D8: 0 | E8: 0 | F8: 2

Sheet Ürün Kartları
A1: Ürün Kartları
A2: Ürün başına maliyet kalemleri
B4: Ürün Kodu | C4: Ürün Adı | D4: Alış Maliyeti | E4: Kargo Maliyeti | F4: Paketleme | G4: Toplam Maliyet | H4: KDV
B5: E001 | C5: Kablosuz Kulaklık | D5: 420 | E5: 55 | F5: 12 | G5: =IF($B5="","",SUM($D5:$F5)) | H5: 0.2
B6: E002 | C6: Telefon Kılıfı | D6: 38 | E6: 45 | F6: 6 | G6: =IF($B6="","",SUM($D6:$F6)) | H6: 0.2
B7: E003 | C7: Akıllı Saat Kordonu | D7: 65 | E7: 45 | F7: 6 | G7: =IF($B7="","",SUM($D7:$F7)) | H7: 0.2
B8: E004 | C8: Powerbank 20000mAh | D8: 310 | E8: 60 | F8: 14 | G8: =IF($B8="","",SUM($D8:$F8)) | H8: 0.2
G9: =IF($B9="","",SUM($D9:$F9))
G10: =IF($B10="","",SUM($D10:$F10))
G11: =IF($B11="","",SUM($D11:$F11))
G12: =IF($B12="","",SUM($D12:$F12))
G13: =IF($B13="","",SUM($D13:$F13))
G14: =IF($B14="","",SUM($D14:$F14))
G15: =IF($B15="","",SUM($D15:$F15))
G16: =IF($B16="","",SUM($D16:$F16))
G17: =IF($B17="","",SUM($D17:$F17))
G18: =IF($B18="","",SUM($D18:$F18))
G19: =IF($B19="","",SUM($D19:$F19))
G20: =IF($B20="","",SUM($D20:$F20))
... G154: =IF($B154="","",SUM($D154:$F154))

Sheet Satışlar
A1: Satışlar
A2: Ürün ve pazaryerini listeden seçin · komisyon ve kâr otomatik
B4: Tarih | C4: Ürün Kodu | D4: Ürün Adı | E4: Pazaryeri | F4: Satış Fiyatı | G4: Adet | H4: Brüt Ciro | I4: Komisyon | J4: Ürün Maliyeti | K4: İade | L4: Reklam Gideri | M4: NET KÂR | N4: Kâr Marjı
B5: 46266.875 | C5: E001 | D5: =IFERROR(IF($C5="","",VLOOKUP($C5,'Ürün Kartları'!$B$5:$C$154,2,FALSE)),"— tanımsız ürün —") | E5: Pazaryeri A | F5: 899 | G5: 3 | H5: =IF(OR($F5="",$G5=""),0,$F5*$G5) | I5: =IFERROR(IF($E5="",0,$H5*VLOOKUP($E5,'Pazaryeri Kartları'!$B$5:$C$24,2,FALSE)+VLOOKUP($E5,'Pazaryeri Kartları'!$B$5:$D$24,3,FALSE)*$G5),0) | J5: =IFERROR(IF($C5="",0,VLOOKUP($C5,'Ürün Kartları'!$B$5:$G$154,6,FALSE)*$G5),0) | K5: 0 | L5: 45 | M5: =IF($C5="","",IF($K5=1,-($J5*0.5)-$L5,$H5-$I5-$J5-$L5)) | N5: =IF(OR($C5="",$H5=0),"",$M5/$H5)
B6: 46267.875 | C6: E002 | D6: =IFERROR(IF($C6="","",VLOOKUP($C6,'Ürün Kartları'!$B$5:$C$154,2,FALSE)),"— tanımsız ürün —") | E6: Pazaryeri B | F6: 149 | G6: 12 | H6: =IF(OR($F6="",$G6=""),0,$F6*$G6) | I6: =IFERROR(IF($E6="",0,$H6*VLOOKUP($E6,'Pazaryeri Kartları'!$B$5:$C$24,2,FALSE)+VLOOKUP($E6,'Pazaryeri Kartları'!$B$5:$D$24,3,FALSE)*$G6),0) | J6: =IFERROR(IF($C6="",0,VLOOKUP($C6,'Ürün Kartları'!$B$5:$G$154,6,FALSE)*$G6),0) | K6: 1 | L6: 30 | M6: =IF($C6="","",IF($K6=1,-($J6*0.5)-$L6,$H6-$I6-$J6-$L6)) | N6: =IF(OR($C6="",$H6=0),"",$M6/$H6)
B7: 46269.875 | C7: E004 | D7: =IFERROR(IF($C7="","",VLOOKUP($C7,'Ürün Kartları'!$B$5:$C$154,2,FALSE)),"— tanımsız ürün —") | E7: Pazaryeri A | F7: 749 | G7: 5 | H7: =IF(OR($F7="",$G7=""),0,$F7*$G7) | I7: =IFERROR(IF($E7="",0,$H7*VLOOKUP($E7,'Pazaryeri Kartları'!$B$5:$C$24,2,FALSE)+VLOOKUP($E7,'Pazaryeri Kartları'!$B$5:$D$24,3,FALSE)*$G7),0) | J7: =IFERROR(IF($C7="",0,VLOOKUP($C7,'Ürün Kartları'!$B$5:$G$154,6,FALSE)*$G7),0) | K7: 0 | L7: 80 | M7: =IF($C7="","",IF($K7=1,-($J7*0.5)-$L7,$H7-$I7-$J7-$L7)) | N7: =IF(OR($C7="",$H7=0),"",$M7/$H7)
D8: =IFERROR(IF($C8="","",VLOOKUP($C8,'Ürün Kartları'!$B$5:$C$154,2,FALSE)),"— tanımsız ürün —") | H8: =IF(OR($F8="",$G8=""),0,$F8*$G8) | I8: =IFERROR(IF($E8="",0,$H8*VLOOKUP($E8,'Pazaryeri Kartları'!$B$5:$C$24,2,FALSE)+VLOOKUP($E8,'Pazaryeri Kartları'!$B$5:$D$24,3,FALSE)*$G8),0) | J8: =IFERROR(IF($C8="",0,VLOOKUP($C8,'Ürün Kartları'!$B$5:$G$154,6,FALSE)*$G8),0) | M8: =IF($C8="","",IF($K8=1,-($J8*0.5)-$L8,$H8-$I8-$J8-$L8)) | N8: =IF(OR($C8="",$H8=0),"",$M8/$H8)
D9: =IFERROR(IF($C9="","",VLOOKUP($C9,'Ürün Kartları'!$B$5:$C$154,2,FALSE)),"— tanımsız ürün —") | H9: =IF(OR($F9="",$G9=""),0,$F9*$G9) | I9: =IFERROR(IF($E9="",0,$H9*VLOOKUP($E9,'Pazaryeri Kartları'!$B$5:$C$24,2,FALSE)+VLOOKUP($E9,'Pazaryeri Kartları'!$B$5:$D$24,3,FALSE)*$G9),0) | J9: =IFERROR(IF($C9="",0,VLOOKUP($C9,'Ürün Kartları'!$B$5:$G$154,6,FALSE)*$G9),0) | M9: =IF($C9="","",IF($K9=1,-($J9*0.5)-$L9,$H9-$I9-$J9-$L9)) | N9: =IF(OR($C9="",$H9=0),"",$M9/$H9)
D10: =IFERROR(IF($C10="","",VLOOKUP($C10,'Ürün Kartları'!$B$5:$C$154,2,FALSE)),"— tanımsız ürün —") | H10: =IF(OR($F10="",$G10=""),0,$F10*$G10) | I10: =IFERROR(IF($E10="",0,$H10*VLOOKUP($E10,'Pazaryeri Kartları'!$B$5:$C$24,2,FALSE)+VLOOKUP($E10,'Pazaryeri Kartları'!$B$5:$D$24,3,FALSE)*$G10),0) | J10: =IFERROR(IF($C10="",0,VLOOKUP($C10,'Ürün Kartları'!$B$5:$G$154,6,FALSE)*$G10),0) | M10: =IF($C10="","",IF($K10=1,-($J10*0.5)-$L10,$H10-$I10-$J10-$L10)) | N10: =IF(OR($C10="",$H10=0),"",$M10/$H10)
D11: =IFERROR(IF($C11="","",VLOOKUP($C11,'Ürün Kartları'!$B$5:$C$154,2,FALSE)),"— tanımsız ürün —") | H11: =IF(OR($F11="",$G11=""),0,$F11*$G11) | I11: =IFERROR(IF($E11="",0,$H11*VLOOKUP($E11,'Pazaryeri Kartları'!$B$5:$C$24,2,FALSE)+VLOOKUP($E11,'Pazaryeri Kartları'!$B$5:$D$24,3,FALSE)*$G11),0) | J11: =IFERROR(IF($C11="",0,VLOOKUP($C11,'Ürün Kartları'!$B$5:$G$154,6,FALSE)*$G11),0) | M11: =IF($C11="","",IF($K11=1,-($J11*0.5)-$L11,$H11-$I11-$J11-$L11)) | N11: =IF(OR($C11="",$H11=0),"",$M11/$H11)
D12: =IFERROR(IF($C12="","",VLOOKUP($C12,'Ürün Kartları'!$B$5:$C$154,2,FALSE)),"— tanımsız ürün —") | H12: =IF(OR($F12="",$G12=""),0,$F12*$G12) | I12: =IFERROR(IF($E12="",0,$H12*VLOOKUP($E12,'Pazaryeri Kartları'!$B$5:$C$24,2,FALSE)+VLOOKUP($E12,'Pazaryeri Kartları'!$B$5:$D$24,3,FALSE)*$G12),0) | J12: =IFERROR(IF($C12="",0,VLOOKUP($C12,'Ürün Kartları'!$B$5:$G$154,6,FALSE)*$G12),0) | M12: =IF($C12="","",IF($K12=1,-($J12*0.5)-$L12,$H12-$I12-$J12-$L12)) | N12: =IF(OR($C12="",$H12=0),"",$M12/$H12)
D13: =IFERROR(IF($C13="","",VLOOKUP($C13,'Ürün Kartları'!$B$5:$C$154,2,FALSE)),"— tanımsız ürün —") | H13: =IF(OR($F13="",$G13=""),0,$F13*$G13) | I13: =IFERROR(IF($E13="",0,$H13*VLOOKUP($E13,'Pazaryeri Kartları'!$B$5:$C$24,2,FALSE)+VLOOKUP($E13,'Pazaryeri Kartları'!$B$5:$D$24,3,FALSE)*$G13),0) | J13: =IFERROR(IF($C13="",0,VLOOKUP($C13,'Ürün Kartları'!$B$5:$G$154,6,FALSE)*$G13),0) | M13: =IF($C13="","",IF($K13=1,-($J13*0.5)-$L13,$H13-$I13-$J13-$L13)) | N13: =IF(OR($C13="",$H13=0),"",$M13/$H13)
D14: =IFERROR(IF($C14="","",VLOOKUP($C14,'Ürün Kartları'!$B$5:$C$154,2,FALSE)),"— tanımsız ürün —") | H14: =IF(OR($F14="",$G14=""),0,$F14*$G14) | I14: =IFERROR(IF($E14="",0,$H14*VLOOKUP($E14,'Pazaryeri Kartları'!$B$5:$C$24,2,FALSE)+VLOOKUP($E14,'Pazaryeri Kartları'!$B$5:$D$24,3,FALSE)*$G14),0) | J14: =IFERROR(IF($C14="",0,VLOOKUP($C14,'Ürün Kartları'!$B$5:$G$154,6,FALSE)*$G14),0) | M14: =IF($C14="","",IF($K14=1,-($J14*0.5)-$L14,$H14-$I14-$J14-$L14)) | N14: =IF(OR($C14="",$H14=0),"",$M14/$H14)
D15: =IFERROR(IF($C15="","",VLOOKUP($C15,'Ürün Kartları'!$B$5:$C$154,2,FALSE)),"— tanımsız ürün —") | H15: =IF(OR($F15="",$G15=""),0,$F15*$G15) | I15: =IFERROR(IF($E15="",0,$H15*VLOOKUP($E15,'Pazaryeri Kartları'!$B$5:$C$24,2,FALSE)+VLOOKUP($E15,'Pazaryeri Kartları'!$B$5:$D$24,3,FALSE)*$G15),0) | J15: =IFERROR(IF($C15="",0,VLOOKUP($C15,'Ürün Kartları'!$B$5:$G$154,6,FALSE)*$G15),0) | M15: =IF($C15="","",IF($K15=1,-($J15*0.5)-$L15,$H15-$I15-$J15-$L15)) | N15: =IF(OR($C15="",$H15=0),"",$M15/$H15)
D16: =IFERROR(IF($C16="","",VLOOKUP($C16,'Ürün Kartları'!$B$5:$C$154,2,FALSE)),"— tanımsız ürün —") | H16: =IF(OR($F16="",$G16=""),0,$F16*$G16) | I16: =IFERROR(IF($E16="",0,$H16*VLOOKUP($E16,'Pazaryeri Kartları'!$B$5:$C$24,2,FALSE)+VLOOKUP($E16,'Pazaryeri Kartları'!$B$5:$D$24,3,FALSE)*$G16),0) | J16: =IFERROR(IF($C16="",0,VLOOKUP($C16,'Ürün Kartları'!$B$5:$G$154,6,FALSE)*$G16),0) | M16: =IF($C16="","",IF($K16=1,-($J16*0.5)-$L16,$H16-$I16-$J16-$L16)) | N16: =IF(OR($C16="",$H16=0),"",$M16/$H16)
D17: =IFERROR(IF($C17="","",VLOOKUP($C17,'Ürün Kartları'!$B$5:$C$154,2,FALSE)),"— tanımsız ürün —") | H17: =IF(OR($F17="",$G17=""),0,$F17*$G17) | I17: =IFERROR(IF($E17="",0,$H17*VLOOKUP($E17,'Pazaryeri Kartları'!$B$5:$C$24,2,FALSE)+VLOOKUP($E17,'Pazaryeri Kartları'!$B$5:$D$24,3,FALSE)*$G17),0) | J17: =IFERROR(IF($C17="",0,VLOOKUP($C17,'Ürün Kartları'!$B$5:$G$154,6,FALSE)*$G17),0) | M17: =IF($C17="","",IF($K17=1,-($J17*0.5)-$L17,$H17-$I17-$J17-$L17)) | N17: =IF(OR($C17="",$H17=0),"",$M17/$H17)
D18: =IFERROR(IF($C18="","",VLOOKUP($C18,'Ürün Kartları'!$B$5:$C$154,2,FALSE)),"— tanımsız ürün —") | H18: =IF(OR($F18="",$G18=""),0,$F18*$G18) | I18: =IFERROR(IF($E18="",0,$H18*VLOOKUP($E18,'Pazaryeri Kartları'!$B$5:$C$24,2,FALSE)+VLOOKUP($E18,'Pazaryeri Kartları'!$B$5:$D$24,3,FALSE)*$G18),0) | J18: =IFERROR(IF($C18="",0,VLOOKUP($C18,'Ürün Kartları'!$B$5:$G$154,6,FALSE)*$G18),0) | M18: =IF($C18="","",IF($K18=1,-($J18*0.5)-$L18,$H18-$I18-$J18-$L18)) | N18: =IF(OR($C18="",$H18=0),"",$M18/$H18)
D19: =IFERROR(IF($C19="","",VLOOKUP($C19,'Ürün Kartları'!$B$5:$C$154,2,FALSE)),"— tanımsız ürün —") | H19: =IF(OR($F19="",$G19=""),0,$F19*$G19) | I19: =IFERROR(IF($E19="",0,$H19*VLOOKUP($E19,'Pazaryeri Kartları'!$B$5:$C$24,2,FALSE)+VLOOKUP($E19,'Pazaryeri Kartları'!$B$5:$D$24,3,FALSE)*$G19),0) | J19: =IFERROR(IF($C19="",0,VLOOKUP($C19,'Ürün Kartları'!$B$5:$G$154,6,FALSE)*$G19),0) | M19: =IF($C19="","",IF($K19=1,-($J19*0.5)-$L19,$H19-$I19-$J19-$L19)) | N19: =IF(OR($C19="",$H19=0),"",$M19/$H19)
... D1004: =IFERROR(IF($C1004="","",VLOOKUP($C1004,'Ürün Kartları'!$B$5:$C$154,2,FALSE)),"— tanımsız ürün —") | H1004: =IF(OR($F1004="",$G1004=""),0,$F1004*$G1004) | I1004: =IFERROR(IF($E1004="",0,$H1004*VLOOKUP($E1004,'Pazaryeri Kartları'!$B$5:$C$24,2,FALSE)+VLOOKUP($E1004,'Pazaryeri Kartları'!$B$5:$D$24,3,FALSE)*$G1004),0) | J1004: =IFERROR(IF($C1004="",0,VLOOKUP($C1004,'Ürün Kartları'!$B$5:$G$154,6,FALSE)*$G1004),0) | M1004: =IF($C1004="","",IF($K1004=1,-($J1004*0.5)-$L1004,$H1004-$I1004-$J1004-$L1004)) | N1004: =IF(OR($C1004="",$H1004=0),"",$M1004/$H1004)

Sheet Ürün Kârlılık
A1: Ürün Bazlı Kârlılık
A2: Hangi ürün gerçekten kazandırıyor?
B4: Ürün Kodu | C4: Ürün Adı | D4: Satış Adedi | E4: Brüt Ciro | F4: Komisyon | G4: Maliyet | H4: Reklam | I4: NET KÂR | J4: Kâr Marjı
B5: =IF('Ürün Kartları'!B5="","",'Ürün Kartları'!B5) | C5: =IF('Ürün Kartları'!C5="","",'Ürün Kartları'!C5) | D5: =IF($B5="",0,SUMIF('Satışlar'!$C$5:$C$1004,$B5,'Satışlar'!$G$5:$G$1004)) | E5: =IF($B5="",0,SUMIF('Satışlar'!$C$5:$C$1004,$B5,'Satışlar'!$H$5:$H$1004)) | F5: =IF($B5="",0,SUMIF('Satışlar'!$C$5:$C$1004,$B5,'Satışlar'!$I$5:$I$1004)) | G5: =IF($B5="",0,SUMIF('Satışlar'!$C$5:$C$1004,$B5,'Satışlar'!$J$5:$J$1004)) | H5: =IF($B5="",0,SUMIF('Satışlar'!$C$5:$C$1004,$B5,'Satışlar'!$L$5:$L$1004)) | I5: =IF($B5="",0,SUMIF('Satışlar'!$C$5:$C$1004,$B5,'Satışlar'!$M$5:$M$1004)) | J5: =IF(OR($B5="",$E5=0),"",$I5/$E5)
B6: =IF('Ürün Kartları'!B6="","",'Ürün Kartları'!B6) | C6: =IF('Ürün Kartları'!C6="","",'Ürün Kartları'!C6) | D6: =IF($B6="",0,SUMIF('Satışlar'!$C$5:$C$1004,$B6,'Satışlar'!$G$5:$G$1004)) | E6: =IF($B6="",0,SUMIF('Satışlar'!$C$5:$C$1004,$B6,'Satışlar'!$H$5:$H$1004)) | F6: =IF($B6="",0,SUMIF('Satışlar'!$C$5:$C$1004,$B6,'Satışlar'!$I$5:$I$1004)) | G6: =IF($B6="",0,SUMIF('Satışlar'!$C$5:$C$1004,$B6,'Satışlar'!$J$5:$J$1004)) | H6: =IF($B6="",0,SUMIF('Satışlar'!$C$5:$C$1004,$B6,'Satışlar'!$L$5:$L$1004)) | I6: =IF($B6="",0,SUMIF('Satışlar'!$C$5:$C$1004,$B6,'Satışlar'!$M$5:$M$1004)) | J6: =IF(OR($B6="",$E6=0),"",$I6/$E6)
B7: =IF('Ürün Kartları'!B7="","",'Ürün Kartları'!B7) | C7: =IF('Ürün Kartları'!C7="","",'Ürün Kartları'!C7) | D7: =IF($B7="",0,SUMIF('Satışlar'!$C$5:$C$1004,$B7,'Satışlar'!$G$5:$G$1004)) | E7: =IF($B7="",0,SUMIF('Satışlar'!$C$5:$C$1004,$B7,'Satışlar'!$H$5:$H$1004)) | F7: =IF($B7="",0,SUMIF('Satışlar'!$C$5:$C$1004,$B7,'Satışlar'!$I$5:$I$1004)) | G7: =IF($B7="",0,SUMIF('Satışlar'!$C$5:$C$1004,$B7,'Satışlar'!$J$5:$J$1004)) | H7: =IF($B7="",0,SUMIF('Satışlar'!$C$5:$C$1004,$B7,'Satışlar'!$L$5:$L$1004)) | I7: =IF($B7="",0,SUMIF('Satışlar'!$C$5:$C$1004,$B7,'Satışlar'!$M$5:$M$1004)) | J7: =IF(OR($B7="",$E7=0),"",$I7/$E7)
B8: =IF('Ürün Kartları'!B8="","",'Ürün Kartları'!B8) | C8: =IF('Ürün Kartları'!C8="","",'Ürün Kartları'!C8) | D8: =IF($B8="",0,SUMIF('Satışlar'!$C$5:$C$1004,$B8,'Satışlar'!$G$5:$G$1004)) | E8: =IF($B8="",0,SUMIF('Satışlar'!$C$5:$C$1004,$B8,'Satışlar'!$H$5:$H$1004)) | F8: =IF($B8="",0,SUMIF('Satışlar'!$C$5:$C$1004,$B8,'Satışlar'!$I$5:$I$1004)) | G8: =IF($B8="",0,SUMIF('Satışlar'!$C$5:$C$1004,$B8,'Satışlar'!$J$5:$J$1004)) | H8: =IF($B8="",0,SUMIF('Satışlar'!$C$5:$C$1004,$B8,'Satışlar'!$L$5:$L$1004)) | I8: =IF($B8="",0,SUMIF('Satışlar'!$C$5:$C$1004,$B8,'Satışlar'!$M$5:$M$1004)) | J8: =IF(OR($B8="",$E8=0),"",$I8/$E8)
B9: =IF('Ürün Kartları'!B9="","",'Ürün Kartları'!B9) | C9: =IF('Ürün Kartları'!C9="","",'Ürün Kartları'!C9) | D9: =IF($B9="",0,SUMIF('Satışlar'!$C$5:$C$1004,$B9,'Satışlar'!$G$5:$G$1004)) | E9: =IF($B9="",0,SUMIF('Satışlar'!$C$5:$C$1004,$B9,'Satışlar'!$H$5:$H$1004)) | F9: =IF($B9="",0,SUMIF('Satışlar'!$C$5:$C$1004,$B9,'Satışlar'!$I$5:$I$1004)) | G9: =IF($B9="",0,SUMIF('Satışlar'!$C$5:$C$1004,$B9,'Satışlar'!$J$5:$J$1004)) | H9: =IF($B9="",0,SUMIF('Satışlar'!$C$5:$C$1004,$B9,'Satışlar'!$L$5:$L$1004)) | I9: =IF($B9="",0,SUMIF('Satışlar'!$C$5:$C$1004,$B9,'Satışlar'!$M$5:$M$1004)) | J9: =IF(OR($B9="",$E9=0),"",$I9/$E9)
B10: =IF('Ürün Kartları'!B10="","",'Ürün Kartları'!B10) | C10: =IF('Ürün Kartları'!C10="","",'Ürün Kartları'!C10) | D10: =IF($B10="",0,SUMIF('Satışlar'!$C$5:$C$1004,$B10,'Satışlar'!$G$5:$G$1004)) | E10: =IF($B10="",0,SUMIF('Satışlar'!$C$5:$C$1004,$B10,'Satışlar'!$H$5:$H$1004)) | F10: =IF($B10="",0,SUMIF('Satışlar'!$C$5:$C$1004,$B10,'Satışlar'!$I$5:$I$1004)) | G10: =IF($B10="",0,SUMIF('Satışlar'!$C$5:$C$1004,$B10,'Satışlar'!$J$5:$J$1004)) | H10: =IF($B10="",0,SUMIF('Satışlar'!$C$5:$C$1004,$B10,'Satışlar'!$L$5:$L$1004)) | I10: =IF($B10="",0,SUMIF('Satışlar'!$C$5:$C$1004,$B10,'Satışlar'!$M$5:$M$1004)) | J10: =IF(OR($B10="",$E10=0),"",$I10/$E10)
B11: =IF('Ürün Kartları'!B11="","",'Ürün Kartları'!B11) | C11: =IF('Ürün Kartları'!C11="","",'Ürün Kartları'!C11) | D11: =IF($B11="",0,SUMIF('Satışlar'!$C$5:$C$1004,$B11,'Satışlar'!$G$5:$G$1004)) | E11: =IF($B11="",0,SUMIF('Satışlar'!$C$5:$C$1004,$B11,'Satışlar'!$H$5:$H$1004)) | F11: =IF($B11="",0,SUMIF('Satışlar'!$C$5:$C$1004,$B11,'Satışlar'!$I$5:$I$1004)) | G11: =IF($B11="",0,SUMIF('Satışlar'!$C$5:$C$1004,$B11,'Satışlar'!$J$5:$J$1004)) | H11: =IF($B11="",0,SUMIF('Satışlar'!$C$5:$C$1004,$B11,'Satışlar'!$L$5:$L$1004)) | I11: =IF($B11="",0,SUMIF('Satışlar'!$C$5:$C$1004,$B11,'Satışlar'!$M$5:$M$1004)) | J11: =IF(OR($B11="",$E11=0),"",$I11/$E11)
B12: =IF('Ürün Kartları'!B12="","",'Ürün Kartları'!B12) | C12: =IF('Ürün Kartları'!C12="","",'Ürün Kartları'!C12) | D12: =IF($B12="",0,SUMIF('Satışlar'!$C$5:$C$1004,$B12,'Satışlar'!$G$5:$G$1004)) | E12: =IF($B12="",0,SUMIF('Satışlar'!$C$5:$C$1004,$B12,'Satışlar'!$H$5:$H$1004)) | F12: =IF($B12="",0,SUMIF('Satışlar'!$C$5:$C$1004,$B12,'Satışlar'!$I$5:$I$1004)) | G12: =IF($B12="",0,SUMIF('Satışlar'!$C$5:$C$1004,$B12,'Satışlar'!$J$5:$J$1004)) | H12: =IF($B12="",0,SUMIF('Satışlar'!$C$5:$C$1004,$B12,'Satışlar'!$L$5:$L$1004)) | I12: =IF($B12="",0,SUMIF('Satışlar'!$C$5:$C$1004,$B12,'Satışlar'!$M$5:$M$1004)) | J12: =IF(OR($B12="",$E12=0),"",$I12/$E12)
B13: =IF('Ürün Kartları'!B13="","",'Ürün Kartları'!B13) | C13: =IF('Ürün Kartları'!C13="","",'Ürün Kartları'!C13) | D13: =IF($B13="",0,SUMIF('Satışlar'!$C$5:$C$1004,$B13,'Satışlar'!$G$5:$G$1004)) | E13: =IF($B13="",0,SUMIF('Satışlar'!$C$5:$C$1004,$B13,'Satışlar'!$H$5:$H$1004)) | F13: =IF($B13="",0,SUMIF('Satışlar'!$C$5:$C$1004,$B13,'Satışlar'!$I$5:$I$1004)) | G13: =IF($B13="",0,SUMIF('Satışlar'!$C$5:$C$1004,$B13,'Satışlar'!$J$5:$J$1004)) | H13: =IF($B13="",0,SUMIF('Satışlar'!$C$5:$C$1004,$B13,'Satışlar'!$L$5:$L$1004)) | I13: =IF($B13="",0,SUMIF('Satışlar'!$C$5:$C$1004,$B13,'Satışlar'!$M$5:$M$1004)) | J13: =IF(OR($B13="",$E13=0),"",$I13/$E13)
B14: =IF('Ürün Kartları'!B14="","",'Ürün Kartları'!B14) | C14: =IF('Ürün Kartları'!C14="","",'Ürün Kartları'!C14) | D14: =IF($B14="",0,SUMIF('Satışlar'!$C$5:$C$1004,$B14,'Satışlar'!$G$5:$G$1004)) | E14: =IF($B14="",0,SUMIF('Satışlar'!$C$5:$C$1004,$B14,'Satışlar'!$H$5:$H$1004)) | F14: =IF($B14="",0,SUMIF('Satışlar'!$C$5:$C$1004,$B14,'Satışlar'!$I$5:$I$1004)) | G14: =IF($B14="",0,SUMIF('Satışlar'!$C$5:$C$1004,$B14,'Satışlar'!$J$5:$J$1004)) | H14: =IF($B14="",0,SUMIF('Satışlar'!$C$5:$C$1004,$B14,'Satışlar'!$L$5:$L$1004)) | I14: =IF($B14="",0,SUMIF('Satışlar'!$C$5:$C$1004,$B14,'Satışlar'!$M$5:$M$1004)) | J14: =IF(OR($B14="",$E14=0),"",$I14/$E14)
B15: =IF('Ürün Kartları'!B15="","",'Ürün Kartları'!B15) | C15: =IF('Ürün Kartları'!C15="","",'Ürün Kartları'!C15) | D15: =IF($B15="",0,SUMIF('Satışlar'!$C$5:$C$1004,$B15,'Satışlar'!$G$5:$G$1004)) | E15: =IF($B15="",0,SUMIF('Satışlar'!$C$5:$C$1004,$B15,'Satışlar'!$H$5:$H$1004)) | F15: =IF($B15="",0,SUMIF('Satışlar'!$C$5:$C$1004,$B15,'Satışlar'!$I$5:$I$1004)) | G15: =IF($B15="",0,SUMIF('Satışlar'!$C$5:$C$1004,$B15,'Satışlar'!$J$5:$J$1004)) | H15: =IF($B15="",0,SUMIF('Satışlar'!$C$5:$C$1004,$B15,'Satışlar'!$L$5:$L$1004)) | I15: =IF($B15="",0,SUMIF('Satışlar'!$C$5:$C$1004,$B15,'Satışlar'!$M$5:$M$1004)) | J15: =IF(OR($B15="",$E15=0),"",$I15/$E15)
B16: =IF('Ürün Kartları'!B16="","",'Ürün Kartları'!B16) | C16: =IF('Ürün Kartları'!C16="","",'Ürün Kartları'!C16) | D16: =IF($B16="",0,SUMIF('Satışlar'!$C$5:$C$1004,$B16,'Satışlar'!$G$5:$G$1004)) | E16: =IF($B16="",0,SUMIF('Satışlar'!$C$5:$C$1004,$B16,'Satışlar'!$H$5:$H$1004)) | F16: =IF($B16="",0,SUMIF('Satışlar'!$C$5:$C$1004,$B16,'Satışlar'!$I$5:$I$1004)) | G16: =IF($B16="",0,SUMIF('Satışlar'!$C$5:$C$1004,$B16,'Satışlar'!$J$5:$J$1004)) | H16: =IF($B16="",0,SUMIF('Satışlar'!$C$5:$C$1004,$B16,'Satışlar'!$L$5:$L$1004)) | I16: =IF($B16="",0,SUMIF('Satışlar'!$C$5:$C$1004,$B16,'Satışlar'!$M$5:$M$1004)) | J16: =IF(OR($B16="",$E16=0),"",$I16/$E16)
... B154: =IF('Ürün Kartları'!B154="","",'Ürün Kartları'!B154) | C154: =IF('Ürün Kartları'!C154="","",'Ürün Kartları'!C154) | D154: =IF($B154="",0,SUMIF('Satışlar'!$C$5:$C$1004,$B154,'Satışlar'!$G$5:$G$1004)) | E154: =IF($B154="",0,SUMIF('Satışlar'!$C$5:$C$1004,$B154,'Satışlar'!$H$5:$H$1004)) | F154: =IF($B154="",0,SUMIF('Satışlar'!$C$5:$C$1004,$B154,'Satışlar'!$I$5:$I$1004)) | G154: =IF($B154="",0,SUMIF('Satışlar'!$C$5:$C$1004,$B154,'Satışlar'!$J$5:$J$1004)) | H154: =IF($B154="",0,SUMIF('Satışlar'!$C$5:$C$1004,$B154,'Satışlar'!$L$5:$L$1004)) | I154: =IF($B154="",0,SUMIF('Satışlar'!$C$5:$C$1004,$B154,'Satışlar'!$M$5:$M$1004)) | J154: =IF(OR($B154="",$E154=0),"",$I154/$E154)
C156: TOPLAM | E156: =SUM(E5:E154) | F156: =SUM(F5:F154) | G156: =SUM(G5:G154) | H156: =SUM(H5:H154) | I156: =SUM(I5:I154)

Sheet Dashboard
A1: Satıcı Paneli Özeti
A2: Satışlar sayfasından beslenir
B4: TOPLAM CİRO | C4: ='Ürün Kârlılık'!E156 | E4: NET KÂR | F4: ='Ürün Kârlılık'!I156
B5: TOPLAM KOMİSYON | C5: ='Ürün Kârlılık'!F156 | E5: NET KÂR MARJI | F5: =IF('Ürün Kârlılık'!E156=0,0,'Ürün Kârlılık'!I156/'Ürün Kârlılık'!E156)
B6: TOPLAM ÜRÜN MALİYETİ | C6: ='Ürün Kârlılık'!G156 | E6: ACOS (reklam / ciro) | F6: =IF('Ürün Kârlılık'!E156=0,0,'Ürün Kârlılık'!H156/'Ürün Kârlılık'!E156)
B7: TOPLAM REKLAM GİDERİ | C7: ='Ürün Kârlılık'!H156 | E7: KOMİSYON / CİRO | F7: =IF('Ürün Kârlılık'!E156=0,0,'Ürün Kârlılık'!F156/'Ürün Kârlılık'!E156)
B9: TOPLAM SATIŞ ADEDİ | C9: =SUM('Satışlar'!$G$5:$G$1004) | E9: İADE ORANI | F9: =IFERROR(SUM('Satışlar'!$K$5:$K$1004)/COUNTA('Satışlar'!$B$5:$B$1004),0)
B10: İADE SAYISI | C10: =SUM('Satışlar'!$K$5:$K$1004) | E10: ZARAR EDEN ÜRÜN SAYISI | F10: =COUNTIF('Ürün Kârlılık'!$I$5:$I$154,"<0")
B12: ACOS kâr marjınızın üzerine çıkarsa reklam zarar ettiriyor demektir. 'Ürün Kârlılık' sayfasında kırmızı işaretli ürünler zarar ediyor; fiyatı yükseltin, maliyeti düşürün veya listeden çıkarın.
