Workbook

Sheet ANA PANEL
A1: 💳 MİNİHESAP – PROFESYONEL BORÇ TAKİP PANELİ
A2: Banka borçlarınızı, limitlerinizi ve ödemelerinizi tek ekrandan yönetin.
A4: TOPLAM BORÇ | C4: TOPLAM LİMİT | E4: KULLANILABİLİR LİMİT | G4: BORÇ / LİMİT
A5: ='BANKA TAKİP'!F20 | C5: ='BANKA TAKİP'!G20 | E5: ='BANKA TAKİP'!H20 | G5: =IF(C5=0,0,A5/C5)
A8: BORÇ DAĞILIMI
A9: BANKA | B9: TOPLAM BORÇ | C9: TOPLAM LİMİT | D9: KALAN LİMİT | E9: KULLANIM ORANI
A10: ='BANKA TAKİP'!A5 | B10: ='BANKA TAKİP'!F5 | C10: ='BANKA TAKİP'!G5 | D10: ='BANKA TAKİP'!H5 | E10: =IF(C10=0,0,B10/C10)
A11: ='BANKA TAKİP'!A6 | B11: ='BANKA TAKİP'!F6 | C11: ='BANKA TAKİP'!G6 | D11: ='BANKA TAKİP'!H6 | E11: =IF(C11=0,0,B11/C11)
A12: ='BANKA TAKİP'!A7 | B12: ='BANKA TAKİP'!F7 | C12: ='BANKA TAKİP'!G7 | D12: ='BANKA TAKİP'!H7 | E12: =IF(C12=0,0,B12/C12)
A13: ='BANKA TAKİP'!A8 | B13: ='BANKA TAKİP'!F8 | C13: ='BANKA TAKİP'!G8 | D13: ='BANKA TAKİP'!H8 | E13: =IF(C13=0,0,B13/C13)
A14: ='BANKA TAKİP'!A9 | B14: ='BANKA TAKİP'!F9 | C14: ='BANKA TAKİP'!G9 | D14: ='BANKA TAKİP'!H9 | E14: =IF(C14=0,0,B14/C14)
A15: ='BANKA TAKİP'!A10 | B15: ='BANKA TAKİP'!F10 | C15: ='BANKA TAKİP'!G10 | D15: ='BANKA TAKİP'!H10 | E15: =IF(C15=0,0,B15/C15)
A16: ='BANKA TAKİP'!A11 | B16: ='BANKA TAKİP'!F11 | C16: ='BANKA TAKİP'!G11 | D16: ='BANKA TAKİP'!H11 | E16: =IF(C16=0,0,B16/C16)
A17: ='BANKA TAKİP'!A12 | B17: ='BANKA TAKİP'!F12 | C17: ='BANKA TAKİP'!G12 | D17: ='BANKA TAKİP'!H12 | E17: =IF(C17=0,0,B17/C17)
A18: ='BANKA TAKİP'!A13 | B18: ='BANKA TAKİP'!F13 | C18: ='BANKA TAKİP'!G13 | D18: ='BANKA TAKİP'!H13 | E18: =IF(C18=0,0,B18/C18)
A19: ='BANKA TAKİP'!A14 | B19: ='BANKA TAKİP'!F14 | C19: ='BANKA TAKİP'!G14 | D19: ='BANKA TAKİP'!H14 | E19: =IF(C19=0,0,B19/C19)
A20: ='BANKA TAKİP'!A15 | B20: ='BANKA TAKİP'!F15 | C20: ='BANKA TAKİP'!G15 | D20: ='BANKA TAKİP'!H15 | E20: =IF(C20=0,0,B20/C20)
A21: ='BANKA TAKİP'!A16 | B21: ='BANKA TAKİP'!F16 | C21: ='BANKA TAKİP'!G16 | D21: ='BANKA TAKİP'!H16 | E21: =IF(C21=0,0,B21/C21)
... A24: ='BANKA TAKİP'!A19 | B24: ='BANKA TAKİP'!F19 | C24: ='BANKA TAKİP'!G19 | D24: ='BANKA TAKİP'!H19 | E24: =IF(C24=0,0,B24/C24)
A27: HIZLI MENÜ
A28: ➡ Banka bilgilerini güncellemek için: BANKA TAKİP
A29: ➡ Ödemeleri kaydetmek için: ÖDEME TAKİP
A30: ➡ Taksitleri yönetmek için: TAKSİT TAKİP
A31: ➡ Aylık performansı görmek için: AYLIK ÖZET

Sheet BANKA TAKİP
A1: 💳 MİNİHESAP – BANKA BORÇ TAKİP
A2: Yeşil alanlara kendi güncel banka bilgilerinizi girin. Hesaplamalar otomatik yapılır.
A4: BANKA ADI | B4: NAKİT LİMİTİ | C4: NAKİT AVANS BORCU | D4: KART LİMİTİ | E4: KART BORCU | F4: TOPLAM BORÇ | G4: TOPLAM LİMİT | H4: KALAN LİMİT
A5: AKBANK | B5: 0 | C5: 0 | D5: 0 | E5: 0 | F5: =C5+E5 | G5: =B5+D5 | H5: =G5-F5
A6: HALKBANK | B6: 0 | C6: 0 | D6: 0 | E6: 0 | F6: =C6+E6 | G6: =B6+D6 | H6: =G6-F6
A7: İŞ BANKASI | B7: 0 | C7: 0 | D7: 0 | E7: 0 | F7: =C7+E7 | G7: =B7+D7 | H7: =G7-F7
A8: ING BANK | B8: 0 | C8: 0 | D8: 0 | E8: 0 | F8: =C8+E8 | G8: =B8+D8 | H8: =G8-F8
A9: YAPI KREDİ | B9: 0 | C9: 0 | D9: 0 | E9: 0 | F9: =C9+E9 | G9: =B9+D9 | H9: =G9-F9
A10: TEB | B10: 0 | C10: 0 | D10: 0 | E10: 0 | F10: =C10+E10 | G10: =B10+D10 | H10: =G10-F10
A11: QNB | B11: 0 | C11: 0 | D11: 0 | E11: 0 | F11: =C11+E11 | G11: =B11+D11 | H11: =G11-F11
A12: GARANTİ BBVA | B12: 0 | C12: 0 | D12: 0 | E12: 0 | F12: =C12+E12 | G12: =B12+D12 | H12: =G12-F12
A13: ZİRAAT BANKASI | B13: 0 | C13: 0 | D13: 0 | E13: 0 | F13: =C13+E13 | G13: =B13+D13 | H13: =G13-F13
A14: VAKIFBANK | B14: 0 | C14: 0 | D14: 0 | E14: 0 | F14: =C14+E14 | G14: =B14+D14 | H14: =G14-F14
A15: DENİZBANK | B15: 0 | C15: 0 | D15: 0 | E15: 0 | F15: =C15+E15 | G15: =B15+D15 | H15: =G15-F15
A16: HSBC | B16: 0 | C16: 0 | D16: 0 | E16: 0 | F16: =C16+E16 | G16: =B16+D16 | H16: =G16-F16
... A19: DİĞER | B19: 0 | C19: 0 | D19: 0 | E19: 0 | F19: =C19+E19 | G19: =B19+D19 | H19: =G19-F19
A20: TOPLAM | B20: =SUM(B5:B19) | C20: =SUM(C5:C19) | D20: =SUM(D5:D19) | E20: =SUM(E5:E19) | F20: =SUM(F5:F19) | G20: =SUM(G5:G19) | H20: =SUM(H5:H19)

Sheet ÖDEME TAKİP
A1: 📅 ÖDEME TAKİP
A2: Yaptığınız ödemeleri tarih, banka ve borç türü bazında kaydedin.
A4: TARİH | B4: BANKA | C4: BORÇ TÜRÜ | D4: ÖDEME TUTARI | E4: AÇIKLAMA | F4: AY | G4: DURUM
F5: =IF(A5="","",TEXT(A5,"mmmm"))
F6: =IF(A6="","",TEXT(A6,"mmmm"))
F7: =IF(A7="","",TEXT(A7,"mmmm"))
F8: =IF(A8="","",TEXT(A8,"mmmm"))
F9: =IF(A9="","",TEXT(A9,"mmmm"))
F10: =IF(A10="","",TEXT(A10,"mmmm"))
F11: =IF(A11="","",TEXT(A11,"mmmm"))
F12: =IF(A12="","",TEXT(A12,"mmmm"))
F13: =IF(A13="","",TEXT(A13,"mmmm"))
F14: =IF(A14="","",TEXT(A14,"mmmm"))
F15: =IF(A15="","",TEXT(A15,"mmmm"))
F16: =IF(A16="","",TEXT(A16,"mmmm"))
... F104: =IF(A104="","",TEXT(A104,"mmmm"))

Sheet TAKSİT TAKİP
A1: 🧾 TAKSİT TAKİP
A2: Taksitli alışveriş ve borçlarınızı dönem dönem takip edin.
A4: BORÇ / ALIŞVERİŞ | B4: BANKA | C4: TOPLAM TUTAR | D4: TAKSİT SAYISI | E4: AYLIK TAKSİT | F4: ÖDENEN TAKSİT | G4: KALAN TAKSİT | H4: KALAN BORÇ | I4: İLK ÖDEME TARİHİ
E5: =IFERROR(C5/D5,0) | G5: =MAX(D5-F5,0) | H5: =E5*G5
E6: =IFERROR(C6/D6,0) | G6: =MAX(D6-F6,0) | H6: =E6*G6
E7: =IFERROR(C7/D7,0) | G7: =MAX(D7-F7,0) | H7: =E7*G7
E8: =IFERROR(C8/D8,0) | G8: =MAX(D8-F8,0) | H8: =E8*G8
E9: =IFERROR(C9/D9,0) | G9: =MAX(D9-F9,0) | H9: =E9*G9
E10: =IFERROR(C10/D10,0) | G10: =MAX(D10-F10,0) | H10: =E10*G10
E11: =IFERROR(C11/D11,0) | G11: =MAX(D11-F11,0) | H11: =E11*G11
E12: =IFERROR(C12/D12,0) | G12: =MAX(D12-F12,0) | H12: =E12*G12
E13: =IFERROR(C13/D13,0) | G13: =MAX(D13-F13,0) | H13: =E13*G13
E14: =IFERROR(C14/D14,0) | G14: =MAX(D14-F14,0) | H14: =E14*G14
E15: =IFERROR(C15/D15,0) | G15: =MAX(D15-F15,0) | H15: =E15*G15
E16: =IFERROR(C16/D16,0) | G16: =MAX(D16-F16,0) | H16: =E16*G16
... E54: =IFERROR(C54/D54,0) | G54: =MAX(D54-F54,0) | H54: =E54*G54

Sheet AYLIK ÖZET
A1: 📈 AYLIK BORÇ ÖZETİ
A2: Ödeme Takip sayfasına girdiğiniz ödemeler aylık olarak burada özetlenir.
A4: AY | B4: TOPLAM ÖDEME | C4: TAKSİT ÖDEMESİ | D4: DİĞER ÖDEME | E4: ÖDEME SAYISI | F4: NOT
A5: Ocak | B5: =SUMIF('ÖDEME TAKİP'!F$5:F$104,A5,'ÖDEME TAKİP'!D$5:D$104) | C5: =SUMIFS('ÖDEME TAKİP'!D$5:D$104,'ÖDEME TAKİP'!F$5:F$104,A5,'ÖDEME TAKİP'!C$5:C$104,"Kredi Kartı") | D5: =B5-C5 | E5: =COUNTIF('ÖDEME TAKİP'!F$5:F$104,A5)
A6: Şubat | B6: =SUMIF('ÖDEME TAKİP'!F$5:F$104,A6,'ÖDEME TAKİP'!D$5:D$104) | C6: =SUMIFS('ÖDEME TAKİP'!D$5:D$104,'ÖDEME TAKİP'!F$5:F$104,A6,'ÖDEME TAKİP'!C$5:C$104,"Kredi Kartı") | D6: =B6-C6 | E6: =COUNTIF('ÖDEME TAKİP'!F$5:F$104,A6)
A7: Mart | B7: =SUMIF('ÖDEME TAKİP'!F$5:F$104,A7,'ÖDEME TAKİP'!D$5:D$104) | C7: =SUMIFS('ÖDEME TAKİP'!D$5:D$104,'ÖDEME TAKİP'!F$5:F$104,A7,'ÖDEME TAKİP'!C$5:C$104,"Kredi Kartı") | D7: =B7-C7 | E7: =COUNTIF('ÖDEME TAKİP'!F$5:F$104,A7)
A8: Nisan | B8: =SUMIF('ÖDEME TAKİP'!F$5:F$104,A8,'ÖDEME TAKİP'!D$5:D$104) | C8: =SUMIFS('ÖDEME TAKİP'!D$5:D$104,'ÖDEME TAKİP'!F$5:F$104,A8,'ÖDEME TAKİP'!C$5:C$104,"Kredi Kartı") | D8: =B8-C8 | E8: =COUNTIF('ÖDEME TAKİP'!F$5:F$104,A8)
A9: Mayıs | B9: =SUMIF('ÖDEME TAKİP'!F$5:F$104,A9,'ÖDEME TAKİP'!D$5:D$104) | C9: =SUMIFS('ÖDEME TAKİP'!D$5:D$104,'ÖDEME TAKİP'!F$5:F$104,A9,'ÖDEME TAKİP'!C$5:C$104,"Kredi Kartı") | D9: =B9-C9 | E9: =COUNTIF('ÖDEME TAKİP'!F$5:F$104,A9)
A10: Haziran | B10: =SUMIF('ÖDEME TAKİP'!F$5:F$104,A10,'ÖDEME TAKİP'!D$5:D$104) | C10: =SUMIFS('ÖDEME TAKİP'!D$5:D$104,'ÖDEME TAKİP'!F$5:F$104,A10,'ÖDEME TAKİP'!C$5:C$104,"Kredi Kartı") | D10: =B10-C10 | E10: =COUNTIF('ÖDEME TAKİP'!F$5:F$104,A10)
A11: Temmuz | B11: =SUMIF('ÖDEME TAKİP'!F$5:F$104,A11,'ÖDEME TAKİP'!D$5:D$104) | C11: =SUMIFS('ÖDEME TAKİP'!D$5:D$104,'ÖDEME TAKİP'!F$5:F$104,A11,'ÖDEME TAKİP'!C$5:C$104,"Kredi Kartı") | D11: =B11-C11 | E11: =COUNTIF('ÖDEME TAKİP'!F$5:F$104,A11)
A12: Ağustos | B12: =SUMIF('ÖDEME TAKİP'!F$5:F$104,A12,'ÖDEME TAKİP'!D$5:D$104) | C12: =SUMIFS('ÖDEME TAKİP'!D$5:D$104,'ÖDEME TAKİP'!F$5:F$104,A12,'ÖDEME TAKİP'!C$5:C$104,"Kredi Kartı") | D12: =B12-C12 | E12: =COUNTIF('ÖDEME TAKİP'!F$5:F$104,A12)
A13: Eylül | B13: =SUMIF('ÖDEME TAKİP'!F$5:F$104,A13,'ÖDEME TAKİP'!D$5:D$104) | C13: =SUMIFS('ÖDEME TAKİP'!D$5:D$104,'ÖDEME TAKİP'!F$5:F$104,A13,'ÖDEME TAKİP'!C$5:C$104,"Kredi Kartı") | D13: =B13-C13 | E13: =COUNTIF('ÖDEME TAKİP'!F$5:F$104,A13)
A14: Ekim | B14: =SUMIF('ÖDEME TAKİP'!F$5:F$104,A14,'ÖDEME TAKİP'!D$5:D$104) | C14: =SUMIFS('ÖDEME TAKİP'!D$5:D$104,'ÖDEME TAKİP'!F$5:F$104,A14,'ÖDEME TAKİP'!C$5:C$104,"Kredi Kartı") | D14: =B14-C14 | E14: =COUNTIF('ÖDEME TAKİP'!F$5:F$104,A14)
A15: Kasım | B15: =SUMIF('ÖDEME TAKİP'!F$5:F$104,A15,'ÖDEME TAKİP'!D$5:D$104) | C15: =SUMIFS('ÖDEME TAKİP'!D$5:D$104,'ÖDEME TAKİP'!F$5:F$104,A15,'ÖDEME TAKİP'!C$5:C$104,"Kredi Kartı") | D15: =B15-C15 | E15: =COUNTIF('ÖDEME TAKİP'!F$5:F$104,A15)
A16: Aralık | B16: =SUMIF('ÖDEME TAKİP'!F$5:F$104,A16,'ÖDEME TAKİP'!D$5:D$104) | C16: =SUMIFS('ÖDEME TAKİP'!D$5:D$104,'ÖDEME TAKİP'!F$5:F$104,A16,'ÖDEME TAKİP'!C$5:C$104,"Kredi Kartı") | D16: =B16-C16 | E16: =COUNTIF('ÖDEME TAKİP'!F$5:F$104,A16)
A18: YILLIK TOPLAM | B18: =SUM(B5:B16) | C18: =SUM(C5:C16) | D18: =SUM(D5:D16) | E18: =SUM(E5:E16)

Sheet KULLANIM
A1: 📘 MİNİHESAP – KULLANIM REHBERİ
A2: Profesyonel Borç Takip Excel'i
A4: ADIM | B4: SAYFA | C4: AÇIKLAMA
A5: 1 | B5: ANA PANEL | C5: Toplam borç, toplam limit, kullanılabilir limit ve borç/limit oranını görüntüleyin.
A6: 2 | B6: BANKA TAKİP | C6: Yeşil hücrelere banka limit ve borç bilgilerinizi girin. Toplamlar otomatik hesaplanır.
A7: 3 | B7: ÖDEME TAKİP | C7: Yaptığınız ödemeleri tarih, banka, borç türü ve tutar bilgileriyle kaydedin.
A8: 4 | B8: TAKSİT TAKİP | C8: Taksitli alışverişlerin toplam tutarını, taksit sayısını ve ödenen taksitleri takip edin.
A9: 5 | B9: AYLIK ÖZET | C9: ÖDEME TAKİP sayfasındaki kayıtların aylık toplamlarını ve ödeme trendini görün.
A12: ÖNEMLİ: Bu Excel kişisel bütçe ve borç takibi amacıyla hazırlanmış bir araçtır. Banka hesaplarınıza otomatik bağlanmaz. Girdiğiniz bilgilerin güncel ve doğru olduğundan emin olun.
