Workbook
Name ProjeKodlari: 'Proje Kartları'!$B$5:$B$34
Name ButceSatirlari: 'Bütçe Kalemleri'!$B$5:$B$304
Name Gruplar: Listeler!$B$5:$B$11

Sheet Nasıl Kullanılır
A1: Nasıl Kullanılır?
A2: MiniHesap · minihesap.net
B4: Bu dosya ne işe yarar?
B5: Birden fazla şantiye/projenin bütçesini, gerçekleşen maliyetini, taşeron ve malzeme harcamalarını ve hakedişlerini takip eder. Hangi kalemde bütçeyi aştığınızı anında gösterir.
B7: Adım adım
B8: 1. PROJE KARTLARI sayfasına projelerinizi girin: kod, ad, sözleşme bedeli, tarihler.
B9: 2. BÜTÇE KALEMLERİ sayfasına her proje için bütçelediğiniz kalemleri ve tutarları yazın.
B10: 3. MALİYET KAYITLARI sayfasına yapılan her harcamayı işleyin; proje ve kalemi listeden seçin.
B11: 4. HAKEDİŞLER sayfasına işverene kestiğiniz hakedişleri girin.
B12: 5. BÜTÇE SAPMASI sayfası hangi kalemde ne kadar aştığınızı gösterir.
B14: Bütçe sapması nasıl okunur?
B15: Sapma = bütçe - gerçekleşen. Eksi değer bütçe aşımıdır ve kırmızı görünür.
B16: Sapma oranı %10'u geçen kalemleri acilen inceleyin.
B18: Hakediş ve nakit
... B24: Bu dosyadaki hesaplamalar bilgilendirme amaçlıdır; resmî defter, bordro veya mali müşavir hizmeti yerine geçmez. © MiniHesap

Sheet Proje Kartları
A1: Proje Kartları
A2: Her proje için bir satır
B4: Proje Kodu | C4: Proje Adı | D4: İşveren | E4: Başlangıç | F4: Bitiş | G4: Sözleşme Bedeli | H4: Durum
B5: PR01 | C5: Ataşehir Konut Blok A | D5: Yıldız İnşaat A.Ş. | E5: 46036.875 | F5: 46385.875 | G5: 18500000 | H5: Devam
B6: PR02 | C6: Gebze Fabrika Çatı | D6: Marmara Sanayi Ltd. | E6: 46112.875 | F6: 46294.875 | G6: 4200000 | H6: Devam

Sheet Bütçe Kalemleri
A1: Bütçe Kalemleri
A2: Proje bazlı bütçe planı
B4: Satır Kodu | C4: Proje Kodu | D4: Bütçe Kalemi | E4: Grup | F4: Bütçe Tutarı
B5: B001 | C5: PR01 | D5: Beton ve demir | E5: Malzeme | F5: 4200000
B6: B002 | C6: PR01 | D6: Kaba yapı taşeronu | E6: Taşeron | F6: 3100000
B7: B003 | C7: PR01 | D7: Elektrik tesisatı | E7: Taşeron | F7: 900000
B8: B004 | C8: PR02 | D8: Çatı paneli | E8: Malzeme | F8: 1450000

Sheet Maliyet Kayıtları
A1: Maliyet Kayıtları
A2: Her harcama için bir satır · proje ve bütçe satırını listeden seçin
B4: Tarih | C4: Proje Kodu | D4: Bütçe Satırı | E4: Kalem Adı | F4: Tedarikçi / Taşeron | G4: Tutar (KDV hariç) | H4: KDV | I4: KDV Tutarı | J4: Toplam | K4: Belge No
B5: 46062.875 | C5: PR01 | D5: B001 | E5: =IFERROR(IF($D5="","",VLOOKUP($D5,'Bütçe Kalemleri'!$B$5:$D$304,3,FALSE)),"— tanımsız kalem —") | F5: Hazır beton alımı | G5: 620000 | H5: 0.2 | I5: =IF($G5="",0,$G5*IF($H5="",0,$H5)) | J5: =IF($G5="","",$G5+$I5) | K5: FT001
B6: 46085.875 | C6: PR01 | D6: B002 | E6: =IFERROR(IF($D6="","",VLOOKUP($D6,'Bütçe Kalemleri'!$B$5:$D$304,3,FALSE)),"— tanımsız kalem —") | F6: Kaba yapı 1. hakediş | G6: 850000 | H6: 0.2 | I6: =IF($G6="",0,$G6*IF($H6="",0,$H6)) | J6: =IF($G6="","",$G6+$I6) | K6: TS014
E7: =IFERROR(IF($D7="","",VLOOKUP($D7,'Bütçe Kalemleri'!$B$5:$D$304,3,FALSE)),"— tanımsız kalem —") | I7: =IF($G7="",0,$G7*IF($H7="",0,$H7)) | J7: =IF($G7="","",$G7+$I7)
E8: =IFERROR(IF($D8="","",VLOOKUP($D8,'Bütçe Kalemleri'!$B$5:$D$304,3,FALSE)),"— tanımsız kalem —") | I8: =IF($G8="",0,$G8*IF($H8="",0,$H8)) | J8: =IF($G8="","",$G8+$I8)
E9: =IFERROR(IF($D9="","",VLOOKUP($D9,'Bütçe Kalemleri'!$B$5:$D$304,3,FALSE)),"— tanımsız kalem —") | I9: =IF($G9="",0,$G9*IF($H9="",0,$H9)) | J9: =IF($G9="","",$G9+$I9)
E10: =IFERROR(IF($D10="","",VLOOKUP($D10,'Bütçe Kalemleri'!$B$5:$D$304,3,FALSE)),"— tanımsız kalem —") | I10: =IF($G10="",0,$G10*IF($H10="",0,$H10)) | J10: =IF($G10="","",$G10+$I10)
E11: =IFERROR(IF($D11="","",VLOOKUP($D11,'Bütçe Kalemleri'!$B$5:$D$304,3,FALSE)),"— tanımsız kalem —") | I11: =IF($G11="",0,$G11*IF($H11="",0,$H11)) | J11: =IF($G11="","",$G11+$I11)
E12: =IFERROR(IF($D12="","",VLOOKUP($D12,'Bütçe Kalemleri'!$B$5:$D$304,3,FALSE)),"— tanımsız kalem —") | I12: =IF($G12="",0,$G12*IF($H12="",0,$H12)) | J12: =IF($G12="","",$G12+$I12)
E13: =IFERROR(IF($D13="","",VLOOKUP($D13,'Bütçe Kalemleri'!$B$5:$D$304,3,FALSE)),"— tanımsız kalem —") | I13: =IF($G13="",0,$G13*IF($H13="",0,$H13)) | J13: =IF($G13="","",$G13+$I13)
E14: =IFERROR(IF($D14="","",VLOOKUP($D14,'Bütçe Kalemleri'!$B$5:$D$304,3,FALSE)),"— tanımsız kalem —") | I14: =IF($G14="",0,$G14*IF($H14="",0,$H14)) | J14: =IF($G14="","",$G14+$I14)
E15: =IFERROR(IF($D15="","",VLOOKUP($D15,'Bütçe Kalemleri'!$B$5:$D$304,3,FALSE)),"— tanımsız kalem —") | I15: =IF($G15="",0,$G15*IF($H15="",0,$H15)) | J15: =IF($G15="","",$G15+$I15)
E16: =IFERROR(IF($D16="","",VLOOKUP($D16,'Bütçe Kalemleri'!$B$5:$D$304,3,FALSE)),"— tanımsız kalem —") | I16: =IF($G16="",0,$G16*IF($H16="",0,$H16)) | J16: =IF($G16="","",$G16+$I16)
E17: =IFERROR(IF($D17="","",VLOOKUP($D17,'Bütçe Kalemleri'!$B$5:$D$304,3,FALSE)),"— tanımsız kalem —") | I17: =IF($G17="",0,$G17*IF($H17="",0,$H17)) | J17: =IF($G17="","",$G17+$I17)
E18: =IFERROR(IF($D18="","",VLOOKUP($D18,'Bütçe Kalemleri'!$B$5:$D$304,3,FALSE)),"— tanımsız kalem —") | I18: =IF($G18="",0,$G18*IF($H18="",0,$H18)) | J18: =IF($G18="","",$G18+$I18)
... E1004: =IFERROR(IF($D1004="","",VLOOKUP($D1004,'Bütçe Kalemleri'!$B$5:$D$304,3,FALSE)),"— tanımsız kalem —") | I1004: =IF($G1004="",0,$G1004*IF($H1004="",0,$H1004)) | J1004: =IF($G1004="","",$G1004+$I1004)

Sheet Hakedişler
A1: Hakedişler
A2: İşverene kesilen hakediş ve kesintiler
B4: Tarih | C4: Proje Kodu | D4: Hakediş No | E4: Brüt Hakediş | F4: Stopaj | G4: Teminat Kesintisi | H4: Diğer Kesinti | I4: NET TAHSİLAT
B5: 46111.875 | C5: PR01 | D5: HK-01 | E5: 3200000 | F5: 0.03 | G5: 0.05 | H5: 0 | I5: =IF($E5="","",$E5*(1-IF($F5="",0,$F5)-IF($G5="",0,$G5))-IF($H5="",0,$H5))
B6: 46202.875 | C6: PR01 | D6: HK-02 | E6: 4100000 | F6: 0.03 | G6: 0.05 | H6: 0 | I6: =IF($E6="","",$E6*(1-IF($F6="",0,$F6)-IF($G6="",0,$G6))-IF($H6="",0,$H6))
I7: =IF($E7="","",$E7*(1-IF($F7="",0,$F7)-IF($G7="",0,$G7))-IF($H7="",0,$H7))
I8: =IF($E8="","",$E8*(1-IF($F8="",0,$F8)-IF($G8="",0,$G8))-IF($H8="",0,$H8))
I9: =IF($E9="","",$E9*(1-IF($F9="",0,$F9)-IF($G9="",0,$G9))-IF($H9="",0,$H9))
I10: =IF($E10="","",$E10*(1-IF($F10="",0,$F10)-IF($G10="",0,$G10))-IF($H10="",0,$H10))
I11: =IF($E11="","",$E11*(1-IF($F11="",0,$F11)-IF($G11="",0,$G11))-IF($H11="",0,$H11))
I12: =IF($E12="","",$E12*(1-IF($F12="",0,$F12)-IF($G12="",0,$G12))-IF($H12="",0,$H12))
I13: =IF($E13="","",$E13*(1-IF($F13="",0,$F13)-IF($G13="",0,$G13))-IF($H13="",0,$H13))
I14: =IF($E14="","",$E14*(1-IF($F14="",0,$F14)-IF($G14="",0,$G14))-IF($H14="",0,$H14))
I15: =IF($E15="","",$E15*(1-IF($F15="",0,$F15)-IF($G15="",0,$G15))-IF($H15="",0,$H15))
I16: =IF($E16="","",$E16*(1-IF($F16="",0,$F16)-IF($G16="",0,$G16))-IF($H16="",0,$H16))
I17: =IF($E17="","",$E17*(1-IF($F17="",0,$F17)-IF($G17="",0,$G17))-IF($H17="",0,$H17))
I18: =IF($E18="","",$E18*(1-IF($F18="",0,$F18)-IF($G18="",0,$G18))-IF($H18="",0,$H18))
... I204: =IF($E204="","",$E204*(1-IF($F204="",0,$F204)-IF($G204="",0,$G204))-IF($H204="",0,$H204))

Sheet Bütçe Sapması
A1: Bütçe Sapması
A2: Eksi değer bütçe aşımıdır · otomatik hesaplanır
B4: Satır Kodu | C4: Proje | D4: Bütçe Kalemi | E4: Grup | F4: Bütçe | G4: Gerçekleşen | H4: SAPMA | I4: Sapma %
B5: =IF('Bütçe Kalemleri'!B5="","",'Bütçe Kalemleri'!B5) | C5: =IF('Bütçe Kalemleri'!C5="","",'Bütçe Kalemleri'!C5) | D5: =IF('Bütçe Kalemleri'!D5="","",'Bütçe Kalemleri'!D5) | E5: =IF('Bütçe Kalemleri'!E5="","",'Bütçe Kalemleri'!E5) | F5: =IF($B5="",0,'Bütçe Kalemleri'!F5) | G5: =IF($B5="",0,SUMIF('Maliyet Kayıtları'!$D$5:$D$1004,$B5,'Maliyet Kayıtları'!$G$5:$G$1004)) | H5: =IF($B5="","",$F5-$G5) | I5: =IF(OR($B5="",$F5=0),"",$H5/$F5)
B6: =IF('Bütçe Kalemleri'!B6="","",'Bütçe Kalemleri'!B6) | C6: =IF('Bütçe Kalemleri'!C6="","",'Bütçe Kalemleri'!C6) | D6: =IF('Bütçe Kalemleri'!D6="","",'Bütçe Kalemleri'!D6) | E6: =IF('Bütçe Kalemleri'!E6="","",'Bütçe Kalemleri'!E6) | F6: =IF($B6="",0,'Bütçe Kalemleri'!F6) | G6: =IF($B6="",0,SUMIF('Maliyet Kayıtları'!$D$5:$D$1004,$B6,'Maliyet Kayıtları'!$G$5:$G$1004)) | H6: =IF($B6="","",$F6-$G6) | I6: =IF(OR($B6="",$F6=0),"",$H6/$F6)
B7: =IF('Bütçe Kalemleri'!B7="","",'Bütçe Kalemleri'!B7) | C7: =IF('Bütçe Kalemleri'!C7="","",'Bütçe Kalemleri'!C7) | D7: =IF('Bütçe Kalemleri'!D7="","",'Bütçe Kalemleri'!D7) | E7: =IF('Bütçe Kalemleri'!E7="","",'Bütçe Kalemleri'!E7) | F7: =IF($B7="",0,'Bütçe Kalemleri'!F7) | G7: =IF($B7="",0,SUMIF('Maliyet Kayıtları'!$D$5:$D$1004,$B7,'Maliyet Kayıtları'!$G$5:$G$1004)) | H7: =IF($B7="","",$F7-$G7) | I7: =IF(OR($B7="",$F7=0),"",$H7/$F7)
B8: =IF('Bütçe Kalemleri'!B8="","",'Bütçe Kalemleri'!B8) | C8: =IF('Bütçe Kalemleri'!C8="","",'Bütçe Kalemleri'!C8) | D8: =IF('Bütçe Kalemleri'!D8="","",'Bütçe Kalemleri'!D8) | E8: =IF('Bütçe Kalemleri'!E8="","",'Bütçe Kalemleri'!E8) | F8: =IF($B8="",0,'Bütçe Kalemleri'!F8) | G8: =IF($B8="",0,SUMIF('Maliyet Kayıtları'!$D$5:$D$1004,$B8,'Maliyet Kayıtları'!$G$5:$G$1004)) | H8: =IF($B8="","",$F8-$G8) | I8: =IF(OR($B8="",$F8=0),"",$H8/$F8)
B9: =IF('Bütçe Kalemleri'!B9="","",'Bütçe Kalemleri'!B9) | C9: =IF('Bütçe Kalemleri'!C9="","",'Bütçe Kalemleri'!C9) | D9: =IF('Bütçe Kalemleri'!D9="","",'Bütçe Kalemleri'!D9) | E9: =IF('Bütçe Kalemleri'!E9="","",'Bütçe Kalemleri'!E9) | F9: =IF($B9="",0,'Bütçe Kalemleri'!F9) | G9: =IF($B9="",0,SUMIF('Maliyet Kayıtları'!$D$5:$D$1004,$B9,'Maliyet Kayıtları'!$G$5:$G$1004)) | H9: =IF($B9="","",$F9-$G9) | I9: =IF(OR($B9="",$F9=0),"",$H9/$F9)
B10: =IF('Bütçe Kalemleri'!B10="","",'Bütçe Kalemleri'!B10) | C10: =IF('Bütçe Kalemleri'!C10="","",'Bütçe Kalemleri'!C10) | D10: =IF('Bütçe Kalemleri'!D10="","",'Bütçe Kalemleri'!D10) | E10: =IF('Bütçe Kalemleri'!E10="","",'Bütçe Kalemleri'!E10) | F10: =IF($B10="",0,'Bütçe Kalemleri'!F10) | G10: =IF($B10="",0,SUMIF('Maliyet Kayıtları'!$D$5:$D$1004,$B10,'Maliyet Kayıtları'!$G$5:$G$1004)) | H10: =IF($B10="","",$F10-$G10) | I10: =IF(OR($B10="",$F10=0),"",$H10/$F10)
B11: =IF('Bütçe Kalemleri'!B11="","",'Bütçe Kalemleri'!B11) | C11: =IF('Bütçe Kalemleri'!C11="","",'Bütçe Kalemleri'!C11) | D11: =IF('Bütçe Kalemleri'!D11="","",'Bütçe Kalemleri'!D11) | E11: =IF('Bütçe Kalemleri'!E11="","",'Bütçe Kalemleri'!E11) | F11: =IF($B11="",0,'Bütçe Kalemleri'!F11) | G11: =IF($B11="",0,SUMIF('Maliyet Kayıtları'!$D$5:$D$1004,$B11,'Maliyet Kayıtları'!$G$5:$G$1004)) | H11: =IF($B11="","",$F11-$G11) | I11: =IF(OR($B11="",$F11=0),"",$H11/$F11)
B12: =IF('Bütçe Kalemleri'!B12="","",'Bütçe Kalemleri'!B12) | C12: =IF('Bütçe Kalemleri'!C12="","",'Bütçe Kalemleri'!C12) | D12: =IF('Bütçe Kalemleri'!D12="","",'Bütçe Kalemleri'!D12) | E12: =IF('Bütçe Kalemleri'!E12="","",'Bütçe Kalemleri'!E12) | F12: =IF($B12="",0,'Bütçe Kalemleri'!F12) | G12: =IF($B12="",0,SUMIF('Maliyet Kayıtları'!$D$5:$D$1004,$B12,'Maliyet Kayıtları'!$G$5:$G$1004)) | H12: =IF($B12="","",$F12-$G12) | I12: =IF(OR($B12="",$F12=0),"",$H12/$F12)
B13: =IF('Bütçe Kalemleri'!B13="","",'Bütçe Kalemleri'!B13) | C13: =IF('Bütçe Kalemleri'!C13="","",'Bütçe Kalemleri'!C13) | D13: =IF('Bütçe Kalemleri'!D13="","",'Bütçe Kalemleri'!D13) | E13: =IF('Bütçe Kalemleri'!E13="","",'Bütçe Kalemleri'!E13) | F13: =IF($B13="",0,'Bütçe Kalemleri'!F13) | G13: =IF($B13="",0,SUMIF('Maliyet Kayıtları'!$D$5:$D$1004,$B13,'Maliyet Kayıtları'!$G$5:$G$1004)) | H13: =IF($B13="","",$F13-$G13) | I13: =IF(OR($B13="",$F13=0),"",$H13/$F13)
B14: =IF('Bütçe Kalemleri'!B14="","",'Bütçe Kalemleri'!B14) | C14: =IF('Bütçe Kalemleri'!C14="","",'Bütçe Kalemleri'!C14) | D14: =IF('Bütçe Kalemleri'!D14="","",'Bütçe Kalemleri'!D14) | E14: =IF('Bütçe Kalemleri'!E14="","",'Bütçe Kalemleri'!E14) | F14: =IF($B14="",0,'Bütçe Kalemleri'!F14) | G14: =IF($B14="",0,SUMIF('Maliyet Kayıtları'!$D$5:$D$1004,$B14,'Maliyet Kayıtları'!$G$5:$G$1004)) | H14: =IF($B14="","",$F14-$G14) | I14: =IF(OR($B14="",$F14=0),"",$H14/$F14)
B15: =IF('Bütçe Kalemleri'!B15="","",'Bütçe Kalemleri'!B15) | C15: =IF('Bütçe Kalemleri'!C15="","",'Bütçe Kalemleri'!C15) | D15: =IF('Bütçe Kalemleri'!D15="","",'Bütçe Kalemleri'!D15) | E15: =IF('Bütçe Kalemleri'!E15="","",'Bütçe Kalemleri'!E15) | F15: =IF($B15="",0,'Bütçe Kalemleri'!F15) | G15: =IF($B15="",0,SUMIF('Maliyet Kayıtları'!$D$5:$D$1004,$B15,'Maliyet Kayıtları'!$G$5:$G$1004)) | H15: =IF($B15="","",$F15-$G15) | I15: =IF(OR($B15="",$F15=0),"",$H15/$F15)
B16: =IF('Bütçe Kalemleri'!B16="","",'Bütçe Kalemleri'!B16) | C16: =IF('Bütçe Kalemleri'!C16="","",'Bütçe Kalemleri'!C16) | D16: =IF('Bütçe Kalemleri'!D16="","",'Bütçe Kalemleri'!D16) | E16: =IF('Bütçe Kalemleri'!E16="","",'Bütçe Kalemleri'!E16) | F16: =IF($B16="",0,'Bütçe Kalemleri'!F16) | G16: =IF($B16="",0,SUMIF('Maliyet Kayıtları'!$D$5:$D$1004,$B16,'Maliyet Kayıtları'!$G$5:$G$1004)) | H16: =IF($B16="","",$F16-$G16) | I16: =IF(OR($B16="",$F16=0),"",$H16/$F16)
... B304: =IF('Bütçe Kalemleri'!B304="","",'Bütçe Kalemleri'!B304) | C304: =IF('Bütçe Kalemleri'!C304="","",'Bütçe Kalemleri'!C304) | D304: =IF('Bütçe Kalemleri'!D304="","",'Bütçe Kalemleri'!D304) | E304: =IF('Bütçe Kalemleri'!E304="","",'Bütçe Kalemleri'!E304) | F304: =IF($B304="",0,'Bütçe Kalemleri'!F304) | G304: =IF($B304="",0,SUMIF('Maliyet Kayıtları'!$D$5:$D$1004,$B304,'Maliyet Kayıtları'!$G$5:$G$1004)) | H304: =IF($B304="","",$F304-$G304) | I304: =IF(OR($B304="",$F304=0),"",$H304/$F304)
D306: TOPLAM | F306: =SUM(F5:F304) | G306: =SUM(G5:G304) | H306: =SUM(H5:H304)

Sheet Dashboard
A1: Proje Özeti
A2: Tüm projelerin toplamı
B4: TOPLAM SÖZLEŞME BEDELİ | C4: =SUM('Proje Kartları'!$G$5:$G$34) | E4: TOPLAM HAKEDİŞ (brüt) | F4: =SUM('Hakedişler'!$E$5:$E$204)
B5: TOPLAM BÜTÇE | C5: ='Bütçe Sapması'!F306 | E5: NET TAHSİLAT | F5: =SUM('Hakedişler'!$I$5:$I$204)
B6: GERÇEKLEŞEN MALİYET | C6: ='Bütçe Sapması'!G306 | E6: NAKİT DURUMU | F6: =SUM('Hakedişler'!$I$5:$I$204)-'Bütçe Sapması'!G306
B7: BÜTÇE SAPMASI | C7: ='Bütçe Sapması'!H306 | E7: TAHMİNİ KÂR | F7: =SUM('Proje Kartları'!$G$5:$G$34)-'Bütçe Sapması'!G306
B9: AKTİF PROJE SAYISI | C9: =COUNTIF('Proje Kartları'!$H$5:$H$34,"Devam") | E9: MALİYET / SÖZLEŞME | F9: =IFERROR('Bütçe Sapması'!G306/SUM('Proje Kartları'!$G$5:$G$34),0)
B10: BÜTÇE AŞAN KALEM SAYISI | C10: =COUNTIF('Bütçe Sapması'!$H$5:$H$304,"<0") | E10: HAKEDİŞ / SÖZLEŞME (ilerleme) | F10: =IFERROR(SUM('Hakedişler'!$E$5:$E$204)/SUM('Proje Kartları'!$G$5:$G$34),0)
B12: NAKİT DURUMU eksi ise proje kendi kendini finanse edemiyor, işletme sermayesi yakıyorsunuz demektir. MALİYET / SÖZLEŞME oranı, HAKEDİŞ / SÖZLEŞME oranını geçtiyse proje zarara gidiyor.

Sheet Listeler
A1: Listeler
A2: Açılır menüleri besler
B4: Bütçe Grupları
B5: Malzeme
B6: Taşeron
B7: İşçilik
B8: Makine / Ekipman
B9: Nakliye
B10: Genel Gider
B11: Diğer
