Workbook

Sheet Nasıl Kullanılır
A1: Nasıl Kullanılır?
A2: MiniHesap · minihesap.net
B4: Bu dosya ne işe yarar?
B5: 12 aylık gelir ve giderlerinizi planlar, her ay planladığınız ile gerçekleşen arasındaki farkı gösterir. Yıl sonunda ne kadar birikim yapabileceğinizi önceden görürsünüz.
B7: Adım adım
B8: 1. 'Yıllık Plan' sayfasında her gelir ve gider kalemi için 12 ayın planını girin.
B9: 2. 'Gerçekleşen' sayfasına ay ilerledikçe gerçek tutarları işleyin.
B10: 3. 'Karşılaştırma' sayfası plan ile gerçek arasındaki sapmayı gösterir.
B11: 4. 'Özet' sayfasında yıllık toplamları ve birikim oranınızı görün.
B13: İpuçları
B14: Gider kalemlerini olabildiğince ayrıntılı girin; 'diğer' kalemi büyüdükçe bütçe kontrolü zorlaşır.
B15: Yılda bir veya iki kez ödenen kalemleri (sigorta, vergi, aidat) ilgili aya yazmayı unutmayın.
B16: Birikim oranınız gelirin en az %20'si olacak şekilde hedefleyin.
B18: Sarı hücreler sizin dolduracağınız alanlardır. Yeşil hücreler otomatik hesaplanır, formüllerini değiştirmeyin.
B20: Bu dosyadaki hesaplamalar bilgilendirme amaçlıdır; resmî bordro, banka hesabı veya mali müşavir görüşü yerine geçmez. © MiniHesap

Sheet Yıllık Plan
A1: Yıllık Plan — Gelir / Gider
A2: Tutarları ilgili aya girin
B4: Kalem | C4: Ocak | D4: Şubat | E4: Mart | F4: Nisan | G4: Mayıs | H4: Haziran | I4: Temmuz | J4: Ağustos | K4: Eylül | L4: Ekim | M4: Kasım | N4: Aralık | O4: TOPLAM
B5: Maaş | O5: =SUM(C5:N5)
B6: Ek Gelir | O6: =SUM(C6:N6)
B7: Kira Geliri | O7: =SUM(C7:N7)
B8: Diğer Gelir | O8: =SUM(C8:N8)
B9: TOPLAM GELİR | C9: =SUM(C5:C8) | D9: =SUM(D5:D8) | E9: =SUM(E5:E8) | F9: =SUM(F5:F8) | G9: =SUM(G5:G8) | H9: =SUM(H5:H8) | I9: =SUM(I5:I8) | J9: =SUM(J5:J8) | ... O9: =SUM(O5:O8)
B11: Kira / Konut | O11: =SUM(C11:N11)
B12: Market | O12: =SUM(C12:N12)
B13: Faturalar | O13: =SUM(C13:N13)
B14: Ulaşım | O14: =SUM(C14:N14)
B15: Kredi / Taksit | O15: =SUM(C15:N15)
B16: Sağlık | O16: =SUM(C16:N16)
B17: Eğitim | O17: =SUM(C17:N17)
B18: Giyim | O18: =SUM(C18:N18)
B19: Eğlence | O19: =SUM(C19:N19)
B20: Sigorta | O20: =SUM(C20:N20)
B21: Diğer | O21: =SUM(C21:N21)
B22: TOPLAM GİDER | C22: =SUM(C11:C21) | D22: =SUM(D11:D21) | E22: =SUM(E11:E21) | F22: =SUM(F11:F21) | G22: =SUM(G11:G21) | H22: =SUM(H11:H21) | I22: =SUM(I11:I21) | J22: =SUM(J11:J21) | ... O22: =SUM(O11:O21)
B23: AYLIK BAKİYE | C23: =C9-C22 | D23: =D9-D22 | E23: =E9-E22 | F23: =F9-F22 | G23: =G9-G22 | H23: =H9-H22 | I23: =I9-I22 | J23: =J9-J22 | ... O23: =O9-O22

Sheet Gerçekleşen
A1: Gerçekleşen — Gelir / Gider
A2: Tutarları ilgili aya girin
B4: Kalem | C4: Ocak | D4: Şubat | E4: Mart | F4: Nisan | G4: Mayıs | H4: Haziran | I4: Temmuz | J4: Ağustos | K4: Eylül | L4: Ekim | M4: Kasım | N4: Aralık | O4: TOPLAM
B5: Maaş | O5: =SUM(C5:N5)
B6: Ek Gelir | O6: =SUM(C6:N6)
B7: Kira Geliri | O7: =SUM(C7:N7)
B8: Diğer Gelir | O8: =SUM(C8:N8)
B9: TOPLAM GELİR | C9: =SUM(C5:C8) | D9: =SUM(D5:D8) | E9: =SUM(E5:E8) | F9: =SUM(F5:F8) | G9: =SUM(G5:G8) | H9: =SUM(H5:H8) | I9: =SUM(I5:I8) | J9: =SUM(J5:J8) | ... O9: =SUM(O5:O8)
B11: Kira / Konut | O11: =SUM(C11:N11)
B12: Market | O12: =SUM(C12:N12)
B13: Faturalar | O13: =SUM(C13:N13)
B14: Ulaşım | O14: =SUM(C14:N14)
B15: Kredi / Taksit | O15: =SUM(C15:N15)
B16: Sağlık | O16: =SUM(C16:N16)
B17: Eğitim | O17: =SUM(C17:N17)
B18: Giyim | O18: =SUM(C18:N18)
B19: Eğlence | O19: =SUM(C19:N19)
B20: Sigorta | O20: =SUM(C20:N20)
B21: Diğer | O21: =SUM(C21:N21)
B22: TOPLAM GİDER | C22: =SUM(C11:C21) | D22: =SUM(D11:D21) | E22: =SUM(E11:E21) | F22: =SUM(F11:F21) | G22: =SUM(G11:G21) | H22: =SUM(H11:H21) | I22: =SUM(I11:I21) | J22: =SUM(J11:J21) | ... O22: =SUM(O11:O21)
B23: AYLIK BAKİYE | C23: =C9-C22 | D23: =D9-D22 | E23: =E9-E22 | F23: =F9-F22 | G23: =G9-G22 | H23: =H9-H22 | I23: =I9-I22 | J23: =J9-J22 | ... O23: =O9-O22

Sheet Karşılaştırma
A1: Plan / Gerçekleşen Sapma
A2: Eksi değer: planladığınızdan fazla harcadınız
B4: Kalem | C4: Ocak | D4: Şubat | E4: Mart | F4: Nisan | G4: Mayıs | H4: Haziran | I4: Temmuz | J4: Ağustos | K4: Eylül | L4: Ekim | M4: Kasım | N4: Aralık | O4: TOPLAM
B5: Gelir Sapması | C5: ='Gerçekleşen'!C9-'Yıllık Plan'!C9 | D5: ='Gerçekleşen'!D9-'Yıllık Plan'!D9 | E5: ='Gerçekleşen'!E9-'Yıllık Plan'!E9 | F5: ='Gerçekleşen'!F9-'Yıllık Plan'!F9 | G5: ='Gerçekleşen'!G9-'Yıllık Plan'!G9 | H5: ='Gerçekleşen'!H9-'Yıllık Plan'!H9 | I5: ='Gerçekleşen'!I9-'Yıllık Plan'!I9 | J5: ='Gerçekleşen'!J9-'Yıllık Plan'!J9 | ... N5: ='Gerçekleşen'!N9-'Yıllık Plan'!N9 | O5: =SUM(C5:N5)
B6: Gider Sapması | C6: ='Yıllık Plan'!C22-'Gerçekleşen'!C22 | D6: ='Yıllık Plan'!D22-'Gerçekleşen'!D22 | E6: ='Yıllık Plan'!E22-'Gerçekleşen'!E22 | F6: ='Yıllık Plan'!F22-'Gerçekleşen'!F22 | G6: ='Yıllık Plan'!G22-'Gerçekleşen'!G22 | H6: ='Yıllık Plan'!H22-'Gerçekleşen'!H22 | I6: ='Yıllık Plan'!I22-'Gerçekleşen'!I22 | J6: ='Yıllık Plan'!J22-'Gerçekleşen'!J22 | ... N6: ='Yıllık Plan'!N22-'Gerçekleşen'!N22 | O6: =SUM(C6:N6)
B7: Bakiye Sapması | C7: ='Gerçekleşen'!C23-'Yıllık Plan'!C23 | D7: ='Gerçekleşen'!D23-'Yıllık Plan'!D23 | E7: ='Gerçekleşen'!E23-'Yıllık Plan'!E23 | F7: ='Gerçekleşen'!F23-'Yıllık Plan'!F23 | G7: ='Gerçekleşen'!G23-'Yıllık Plan'!G23 | H7: ='Gerçekleşen'!H23-'Yıllık Plan'!H23 | I7: ='Gerçekleşen'!I23-'Yıllık Plan'!I23 | J7: ='Gerçekleşen'!J23-'Yıllık Plan'!J23 | ... N7: ='Gerçekleşen'!N23-'Yıllık Plan'!N23 | O7: =SUM(C7:N7)

Sheet Özet
A1: Yıllık Özet
A2: Plan ve gerçekleşen karşılaştırması
B4: Planlanan Yıllık Gelir | C4: ='Yıllık Plan'!O9
B5: Planlanan Yıllık Gider | C5: ='Yıllık Plan'!O22
B6: Planlanan Birikim | C6: ='Yıllık Plan'!O23
B7: Gerçekleşen Yıllık Gelir | C7: ='Gerçekleşen'!O9
B8: Gerçekleşen Yıllık Gider | C8: ='Gerçekleşen'!O22
B9: Gerçekleşen Birikim | C9: ='Gerçekleşen'!O23
B11: BİRİKİM ORANI (gerçekleşen) | C11: =IF(C7=0,0,C9/C7)
B13: Birikim oranınız gelirinizin en az %20'si olmalıdır. Altındaysanız en büyük gider kalemlerinizi 'Karşılaştırma' sayfasından inceleyin.
