Workbook
Name MulkTipleri: Listeler!$B$5:$B$10
Name Durumlar: Listeler!$C$5:$C$7
Name MulkKodlari: 'Mülk Kartları'!$B$5:$B$54

Sheet Nasıl Kullanılır
A1: Nasıl Kullanılır?
A2: MiniHesap · minihesap.net
B4: Bu dosya ne işe yarar?
B5: Birden fazla kiralık mülkünüzü tek dosyada yönetir. Her mülkün getirisini, doluluk oranını, tahsil edilmemiş kiralarını ve yatırımın kaç yılda kendini amorti ettiğini hesaplar.
B7: Dosyanın yapısı
B8: MÜLK KARTLARI ve KİRACI KARTLARI bir kez doldurulur.
B9: KİRA TAHSİLAT sayfasına her ay ödeme durumunu işlersiniz.
B10: GETİRİ ANALİZİ ve DASHBOARD otomatik hesaplanır.
B12: Adım adım
B13: 1. MÜLK KARTLARI sayfasına mülklerinizi ekleyin: kod (M001...), adres, alış bedeli, güncel değer ve yıllık giderler.
B14: 2. KİRACI KARTLARI sayfasına kiracıları ekleyin; Mülk Kodu sütununda açılır listeden seçim yapın.
B15: 3. KİRA TAHSİLAT sayfasında her ay için ödendi (1) / ödenmedi (0) girin.
B16: 4. GETİRİ ANALİZİ her mülk için brüt ve net getiri oranını, amortisman süresini gösterir.
B18: Getiri nasıl hesaplanır?
... B26: Bu dosyadaki hesaplamalar bilgilendirme amaçlıdır; resmî defter, bordro veya mali müşavir hizmeti yerine geçmez. © MiniHesap

Sheet Mülk Kartları
A1: Mülk Kartları
A2: Her mülk için bir satır · kod benzersiz olmalı
B4: Mülk Kodu | C4: Adres / Ad | D4: Tip | E4: m² | F4: Alış Tarihi | G4: Alış Bedeli | H4: Güncel Değer | I4: Aidat (aylık) | J4: Emlak V. (yıl) | K4: Sigorta (yıl) | L4: Bakım (yıl)
B5: M001 | C5: Kadıköy / 2+1 Daire | D5: Daire | E5: 95 | F5: 43627.875 | G5: 1450000 | H5: 4800000 | I5: 1500 | J5: 3200 | K5: 2400 | L5: 6000
B6: M002 | C6: Ataşehir / Ofis Katı | D6: Ofis | E6: 140 | F6: 44257.875 | G6: 3200000 | H6: 7500000 | I6: 3500 | J6: 6800 | K6: 5200 | L6: 12000
B7: M003 | C7: Üsküdar / Dükkan | D7: Dükkan | E7: 60 | F7: 43027.875 | G7: 980000 | H7: 5200000 | I7: 1200 | J7: 7400 | K7: 3100 | L7: 4500

Sheet Kiracı Kartları
A1: Kiracı Kartları
A2: Mülk Kodu sütununda açılır listeden seçin
B4: Kiracı Kodu | C4: Mülk Kodu | D4: Kiracı Adı | E4: Telefon | F4: Sözleşme Başl. | G4: Sözleşme Bitiş | H4: Aylık Kira | I4: Depozito | J4: Artış % | K4: Durum
B5: K001 | C5: M001 | D5: Ayşe Yıldız | E5: 0532 000 00 00 | F5: 45808.875 | G5: 46172.875 | H5: 24000 | I5: 48000 | J5: 0.25 | K5: Aktif
B6: K002 | C6: M002 | D6: Nova Danışmanlık | E6: 0216 000 00 00 | F6: 45535.875 | G6: 46629.875 | H6: 65000 | I6: 130000 | J6: 0.3 | K6: Aktif
B7: K003 | C7: M003 | D7: Kaya Market | E7: 0216 111 11 11 | F7: 44940.875 | G7: 46765.875 | H7: 38000 | I7: 76000 | J7: 0.25 | K7: Aktif

Sheet Kira Tahsilat
A1: Kira Tahsilat Takvimi
A2: Ödendi ise 1, ödenmedi ise 0 yazın · boş bırakılan ay boş kabul edilir
B4: Kiracı Kodu | C4: Kiracı Adı | D4: Aylık Kira | E4: Ocak | F4: Şubat | G4: Mart | H4: Nisan | I4: Mayıs | J4: Haziran | K4: Temmuz | L4: Ağustos | M4: Eylül | N4: Ekim | O4: Kasım | P4: Aralık | Q4: Tahsil Edilen | R4: Doluluk
B5: =IF('Kiracı Kartları'!B5="","",'Kiracı Kartları'!B5) | C5: =IF('Kiracı Kartları'!D5="","",'Kiracı Kartları'!D5) | D5: =IF($B5="",0,'Kiracı Kartları'!H5) | Q5: =IF($B5="","",SUM(E5:P5)*$D5) | R5: =IF($B5="","",SUM(E5:P5)/12)
B6: =IF('Kiracı Kartları'!B6="","",'Kiracı Kartları'!B6) | C6: =IF('Kiracı Kartları'!D6="","",'Kiracı Kartları'!D6) | D6: =IF($B6="",0,'Kiracı Kartları'!H6) | Q6: =IF($B6="","",SUM(E6:P6)*$D6) | R6: =IF($B6="","",SUM(E6:P6)/12)
B7: =IF('Kiracı Kartları'!B7="","",'Kiracı Kartları'!B7) | C7: =IF('Kiracı Kartları'!D7="","",'Kiracı Kartları'!D7) | D7: =IF($B7="",0,'Kiracı Kartları'!H7) | Q7: =IF($B7="","",SUM(E7:P7)*$D7) | R7: =IF($B7="","",SUM(E7:P7)/12)
B8: =IF('Kiracı Kartları'!B8="","",'Kiracı Kartları'!B8) | C8: =IF('Kiracı Kartları'!D8="","",'Kiracı Kartları'!D8) | D8: =IF($B8="",0,'Kiracı Kartları'!H8) | Q8: =IF($B8="","",SUM(E8:P8)*$D8) | R8: =IF($B8="","",SUM(E8:P8)/12)
B9: =IF('Kiracı Kartları'!B9="","",'Kiracı Kartları'!B9) | C9: =IF('Kiracı Kartları'!D9="","",'Kiracı Kartları'!D9) | D9: =IF($B9="",0,'Kiracı Kartları'!H9) | Q9: =IF($B9="","",SUM(E9:P9)*$D9) | R9: =IF($B9="","",SUM(E9:P9)/12)
B10: =IF('Kiracı Kartları'!B10="","",'Kiracı Kartları'!B10) | C10: =IF('Kiracı Kartları'!D10="","",'Kiracı Kartları'!D10) | D10: =IF($B10="",0,'Kiracı Kartları'!H10) | Q10: =IF($B10="","",SUM(E10:P10)*$D10) | R10: =IF($B10="","",SUM(E10:P10)/12)
B11: =IF('Kiracı Kartları'!B11="","",'Kiracı Kartları'!B11) | C11: =IF('Kiracı Kartları'!D11="","",'Kiracı Kartları'!D11) | D11: =IF($B11="",0,'Kiracı Kartları'!H11) | Q11: =IF($B11="","",SUM(E11:P11)*$D11) | R11: =IF($B11="","",SUM(E11:P11)/12)
B12: =IF('Kiracı Kartları'!B12="","",'Kiracı Kartları'!B12) | C12: =IF('Kiracı Kartları'!D12="","",'Kiracı Kartları'!D12) | D12: =IF($B12="",0,'Kiracı Kartları'!H12) | Q12: =IF($B12="","",SUM(E12:P12)*$D12) | R12: =IF($B12="","",SUM(E12:P12)/12)
B13: =IF('Kiracı Kartları'!B13="","",'Kiracı Kartları'!B13) | C13: =IF('Kiracı Kartları'!D13="","",'Kiracı Kartları'!D13) | D13: =IF($B13="",0,'Kiracı Kartları'!H13) | Q13: =IF($B13="","",SUM(E13:P13)*$D13) | R13: =IF($B13="","",SUM(E13:P13)/12)
B14: =IF('Kiracı Kartları'!B14="","",'Kiracı Kartları'!B14) | C14: =IF('Kiracı Kartları'!D14="","",'Kiracı Kartları'!D14) | D14: =IF($B14="",0,'Kiracı Kartları'!H14) | Q14: =IF($B14="","",SUM(E14:P14)*$D14) | R14: =IF($B14="","",SUM(E14:P14)/12)
B15: =IF('Kiracı Kartları'!B15="","",'Kiracı Kartları'!B15) | C15: =IF('Kiracı Kartları'!D15="","",'Kiracı Kartları'!D15) | D15: =IF($B15="",0,'Kiracı Kartları'!H15) | Q15: =IF($B15="","",SUM(E15:P15)*$D15) | R15: =IF($B15="","",SUM(E15:P15)/12)
B16: =IF('Kiracı Kartları'!B16="","",'Kiracı Kartları'!B16) | C16: =IF('Kiracı Kartları'!D16="","",'Kiracı Kartları'!D16) | D16: =IF($B16="",0,'Kiracı Kartları'!H16) | Q16: =IF($B16="","",SUM(E16:P16)*$D16) | R16: =IF($B16="","",SUM(E16:P16)/12)
... B104: =IF('Kiracı Kartları'!B104="","",'Kiracı Kartları'!B104) | C104: =IF('Kiracı Kartları'!D104="","",'Kiracı Kartları'!D104) | D104: =IF($B104="",0,'Kiracı Kartları'!H104) | Q104: =IF($B104="","",SUM(E104:P104)*$D104) | R104: =IF($B104="","",SUM(E104:P104)/12)

Sheet Getiri Analizi
A1: Mülk Bazlı Getiri Analizi
A2: Otomatik hesaplanır · elle doldurmayın
B4: Mülk Kodu | C4: Adres / Ad | D4: Güncel Değer | E4: Yıllık Kira | F4: Yıllık Gider | G4: Net Yıllık Gelir | H4: Değer Artışı | I4: Brüt Getiri | J4: Net Getiri | K4: Amortisman (yıl)
B5: =IF('Mülk Kartları'!B5="","",'Mülk Kartları'!B5) | C5: =IF('Mülk Kartları'!C5="","",'Mülk Kartları'!C5) | D5: =IF($B5="",0,'Mülk Kartları'!H5) | E5: =IF($B5="",0,SUMIF('Kiracı Kartları'!$C$5:$C$104,$B5,'Kiracı Kartları'!$H$5:$H$104)*12) | F5: =IF($B5="",0,'Mülk Kartları'!I5*12+'Mülk Kartları'!J5+'Mülk Kartları'!K5+'Mülk Kartları'!L5) | G5: =IF($B5="","",$E5-$F5) | H5: =IF($B5="",0,'Mülk Kartları'!H5-'Mülk Kartları'!G5) | I5: =IF(OR($B5="",$D5=0),"",$E5/$D5) | J5: =IF(OR($B5="",$D5=0),"",$G5/$D5) | K5: =IF(OR($B5="",$G5<=0),"",$D5/$G5)
B6: =IF('Mülk Kartları'!B6="","",'Mülk Kartları'!B6) | C6: =IF('Mülk Kartları'!C6="","",'Mülk Kartları'!C6) | D6: =IF($B6="",0,'Mülk Kartları'!H6) | E6: =IF($B6="",0,SUMIF('Kiracı Kartları'!$C$5:$C$104,$B6,'Kiracı Kartları'!$H$5:$H$104)*12) | F6: =IF($B6="",0,'Mülk Kartları'!I6*12+'Mülk Kartları'!J6+'Mülk Kartları'!K6+'Mülk Kartları'!L6) | G6: =IF($B6="","",$E6-$F6) | H6: =IF($B6="",0,'Mülk Kartları'!H6-'Mülk Kartları'!G6) | I6: =IF(OR($B6="",$D6=0),"",$E6/$D6) | J6: =IF(OR($B6="",$D6=0),"",$G6/$D6) | K6: =IF(OR($B6="",$G6<=0),"",$D6/$G6)
B7: =IF('Mülk Kartları'!B7="","",'Mülk Kartları'!B7) | C7: =IF('Mülk Kartları'!C7="","",'Mülk Kartları'!C7) | D7: =IF($B7="",0,'Mülk Kartları'!H7) | E7: =IF($B7="",0,SUMIF('Kiracı Kartları'!$C$5:$C$104,$B7,'Kiracı Kartları'!$H$5:$H$104)*12) | F7: =IF($B7="",0,'Mülk Kartları'!I7*12+'Mülk Kartları'!J7+'Mülk Kartları'!K7+'Mülk Kartları'!L7) | G7: =IF($B7="","",$E7-$F7) | H7: =IF($B7="",0,'Mülk Kartları'!H7-'Mülk Kartları'!G7) | I7: =IF(OR($B7="",$D7=0),"",$E7/$D7) | J7: =IF(OR($B7="",$D7=0),"",$G7/$D7) | K7: =IF(OR($B7="",$G7<=0),"",$D7/$G7)
B8: =IF('Mülk Kartları'!B8="","",'Mülk Kartları'!B8) | C8: =IF('Mülk Kartları'!C8="","",'Mülk Kartları'!C8) | D8: =IF($B8="",0,'Mülk Kartları'!H8) | E8: =IF($B8="",0,SUMIF('Kiracı Kartları'!$C$5:$C$104,$B8,'Kiracı Kartları'!$H$5:$H$104)*12) | F8: =IF($B8="",0,'Mülk Kartları'!I8*12+'Mülk Kartları'!J8+'Mülk Kartları'!K8+'Mülk Kartları'!L8) | G8: =IF($B8="","",$E8-$F8) | H8: =IF($B8="",0,'Mülk Kartları'!H8-'Mülk Kartları'!G8) | I8: =IF(OR($B8="",$D8=0),"",$E8/$D8) | J8: =IF(OR($B8="",$D8=0),"",$G8/$D8) | K8: =IF(OR($B8="",$G8<=0),"",$D8/$G8)
B9: =IF('Mülk Kartları'!B9="","",'Mülk Kartları'!B9) | C9: =IF('Mülk Kartları'!C9="","",'Mülk Kartları'!C9) | D9: =IF($B9="",0,'Mülk Kartları'!H9) | E9: =IF($B9="",0,SUMIF('Kiracı Kartları'!$C$5:$C$104,$B9,'Kiracı Kartları'!$H$5:$H$104)*12) | F9: =IF($B9="",0,'Mülk Kartları'!I9*12+'Mülk Kartları'!J9+'Mülk Kartları'!K9+'Mülk Kartları'!L9) | G9: =IF($B9="","",$E9-$F9) | H9: =IF($B9="",0,'Mülk Kartları'!H9-'Mülk Kartları'!G9) | I9: =IF(OR($B9="",$D9=0),"",$E9/$D9) | J9: =IF(OR($B9="",$D9=0),"",$G9/$D9) | K9: =IF(OR($B9="",$G9<=0),"",$D9/$G9)
B10: =IF('Mülk Kartları'!B10="","",'Mülk Kartları'!B10) | C10: =IF('Mülk Kartları'!C10="","",'Mülk Kartları'!C10) | D10: =IF($B10="",0,'Mülk Kartları'!H10) | E10: =IF($B10="",0,SUMIF('Kiracı Kartları'!$C$5:$C$104,$B10,'Kiracı Kartları'!$H$5:$H$104)*12) | F10: =IF($B10="",0,'Mülk Kartları'!I10*12+'Mülk Kartları'!J10+'Mülk Kartları'!K10+'Mülk Kartları'!L10) | G10: =IF($B10="","",$E10-$F10) | H10: =IF($B10="",0,'Mülk Kartları'!H10-'Mülk Kartları'!G10) | I10: =IF(OR($B10="",$D10=0),"",$E10/$D10) | J10: =IF(OR($B10="",$D10=0),"",$G10/$D10) | K10: =IF(OR($B10="",$G10<=0),"",$D10/$G10)
B11: =IF('Mülk Kartları'!B11="","",'Mülk Kartları'!B11) | C11: =IF('Mülk Kartları'!C11="","",'Mülk Kartları'!C11) | D11: =IF($B11="",0,'Mülk Kartları'!H11) | E11: =IF($B11="",0,SUMIF('Kiracı Kartları'!$C$5:$C$104,$B11,'Kiracı Kartları'!$H$5:$H$104)*12) | F11: =IF($B11="",0,'Mülk Kartları'!I11*12+'Mülk Kartları'!J11+'Mülk Kartları'!K11+'Mülk Kartları'!L11) | G11: =IF($B11="","",$E11-$F11) | H11: =IF($B11="",0,'Mülk Kartları'!H11-'Mülk Kartları'!G11) | I11: =IF(OR($B11="",$D11=0),"",$E11/$D11) | J11: =IF(OR($B11="",$D11=0),"",$G11/$D11) | K11: =IF(OR($B11="",$G11<=0),"",$D11/$G11)
B12: =IF('Mülk Kartları'!B12="","",'Mülk Kartları'!B12) | C12: =IF('Mülk Kartları'!C12="","",'Mülk Kartları'!C12) | D12: =IF($B12="",0,'Mülk Kartları'!H12) | E12: =IF($B12="",0,SUMIF('Kiracı Kartları'!$C$5:$C$104,$B12,'Kiracı Kartları'!$H$5:$H$104)*12) | F12: =IF($B12="",0,'Mülk Kartları'!I12*12+'Mülk Kartları'!J12+'Mülk Kartları'!K12+'Mülk Kartları'!L12) | G12: =IF($B12="","",$E12-$F12) | H12: =IF($B12="",0,'Mülk Kartları'!H12-'Mülk Kartları'!G12) | I12: =IF(OR($B12="",$D12=0),"",$E12/$D12) | J12: =IF(OR($B12="",$D12=0),"",$G12/$D12) | K12: =IF(OR($B12="",$G12<=0),"",$D12/$G12)
B13: =IF('Mülk Kartları'!B13="","",'Mülk Kartları'!B13) | C13: =IF('Mülk Kartları'!C13="","",'Mülk Kartları'!C13) | D13: =IF($B13="",0,'Mülk Kartları'!H13) | E13: =IF($B13="",0,SUMIF('Kiracı Kartları'!$C$5:$C$104,$B13,'Kiracı Kartları'!$H$5:$H$104)*12) | F13: =IF($B13="",0,'Mülk Kartları'!I13*12+'Mülk Kartları'!J13+'Mülk Kartları'!K13+'Mülk Kartları'!L13) | G13: =IF($B13="","",$E13-$F13) | H13: =IF($B13="",0,'Mülk Kartları'!H13-'Mülk Kartları'!G13) | I13: =IF(OR($B13="",$D13=0),"",$E13/$D13) | J13: =IF(OR($B13="",$D13=0),"",$G13/$D13) | K13: =IF(OR($B13="",$G13<=0),"",$D13/$G13)
B14: =IF('Mülk Kartları'!B14="","",'Mülk Kartları'!B14) | C14: =IF('Mülk Kartları'!C14="","",'Mülk Kartları'!C14) | D14: =IF($B14="",0,'Mülk Kartları'!H14) | E14: =IF($B14="",0,SUMIF('Kiracı Kartları'!$C$5:$C$104,$B14,'Kiracı Kartları'!$H$5:$H$104)*12) | F14: =IF($B14="",0,'Mülk Kartları'!I14*12+'Mülk Kartları'!J14+'Mülk Kartları'!K14+'Mülk Kartları'!L14) | G14: =IF($B14="","",$E14-$F14) | H14: =IF($B14="",0,'Mülk Kartları'!H14-'Mülk Kartları'!G14) | I14: =IF(OR($B14="",$D14=0),"",$E14/$D14) | J14: =IF(OR($B14="",$D14=0),"",$G14/$D14) | K14: =IF(OR($B14="",$G14<=0),"",$D14/$G14)
B15: =IF('Mülk Kartları'!B15="","",'Mülk Kartları'!B15) | C15: =IF('Mülk Kartları'!C15="","",'Mülk Kartları'!C15) | D15: =IF($B15="",0,'Mülk Kartları'!H15) | E15: =IF($B15="",0,SUMIF('Kiracı Kartları'!$C$5:$C$104,$B15,'Kiracı Kartları'!$H$5:$H$104)*12) | F15: =IF($B15="",0,'Mülk Kartları'!I15*12+'Mülk Kartları'!J15+'Mülk Kartları'!K15+'Mülk Kartları'!L15) | G15: =IF($B15="","",$E15-$F15) | H15: =IF($B15="",0,'Mülk Kartları'!H15-'Mülk Kartları'!G15) | I15: =IF(OR($B15="",$D15=0),"",$E15/$D15) | J15: =IF(OR($B15="",$D15=0),"",$G15/$D15) | K15: =IF(OR($B15="",$G15<=0),"",$D15/$G15)
B16: =IF('Mülk Kartları'!B16="","",'Mülk Kartları'!B16) | C16: =IF('Mülk Kartları'!C16="","",'Mülk Kartları'!C16) | D16: =IF($B16="",0,'Mülk Kartları'!H16) | E16: =IF($B16="",0,SUMIF('Kiracı Kartları'!$C$5:$C$104,$B16,'Kiracı Kartları'!$H$5:$H$104)*12) | F16: =IF($B16="",0,'Mülk Kartları'!I16*12+'Mülk Kartları'!J16+'Mülk Kartları'!K16+'Mülk Kartları'!L16) | G16: =IF($B16="","",$E16-$F16) | H16: =IF($B16="",0,'Mülk Kartları'!H16-'Mülk Kartları'!G16) | I16: =IF(OR($B16="",$D16=0),"",$E16/$D16) | J16: =IF(OR($B16="",$D16=0),"",$G16/$D16) | K16: =IF(OR($B16="",$G16<=0),"",$D16/$G16)
... B54: =IF('Mülk Kartları'!B54="","",'Mülk Kartları'!B54) | C54: =IF('Mülk Kartları'!C54="","",'Mülk Kartları'!C54) | D54: =IF($B54="",0,'Mülk Kartları'!H54) | E54: =IF($B54="",0,SUMIF('Kiracı Kartları'!$C$5:$C$104,$B54,'Kiracı Kartları'!$H$5:$H$104)*12) | F54: =IF($B54="",0,'Mülk Kartları'!I54*12+'Mülk Kartları'!J54+'Mülk Kartları'!K54+'Mülk Kartları'!L54) | G54: =IF($B54="","",$E54-$F54) | H54: =IF($B54="",0,'Mülk Kartları'!H54-'Mülk Kartları'!G54) | I54: =IF(OR($B54="",$D54=0),"",$E54/$D54) | J54: =IF(OR($B54="",$D54=0),"",$G54/$D54) | K54: =IF(OR($B54="",$G54<=0),"",$D54/$G54)
C56: PORTFÖY TOPLAMI | D56: =SUM(D5:D54) | E56: =SUM(E5:E54) | F56: =SUM(F5:F54) | G56: =SUM(G5:G54) | H56: =SUM(H5:H54)

Sheet Dashboard
A1: Portföy Özeti
A2: Tüm sayfalardan beslenir
B4: TOPLAM PORTFÖY DEĞERİ | C4: ='Getiri Analizi'!D56 | E4: PORTFÖY NET GETİRİSİ | F4: =IF('Getiri Analizi'!D56=0,0,'Getiri Analizi'!G56/'Getiri Analizi'!D56)
B5: YILLIK KİRA GELİRİ | C5: ='Getiri Analizi'!E56 | E5: TOPLAM DEĞER ARTIŞI | F5: ='Getiri Analizi'!H56
B6: YILLIK GİDER | C6: ='Getiri Analizi'!F56 | E6: MÜLK SAYISI | F6: =COUNTA('Mülk Kartları'!$B$5:$B$54)
B7: NET YILLIK GELİR | C7: ='Getiri Analizi'!G56 | E7: AKTİF KİRACI SAYISI | F7: =COUNTIF('Kiracı Kartları'!$K$5:$K$104,"Aktif")
B9: TAHSİL EDİLEN KİRA (yıl) | C9: =SUM('Kira Tahsilat'!$Q$5:$Q$104) | E9: ORTALAMA DOLULUK | F9: =IFERROR(AVERAGEIF('Kira Tahsilat'!$R$5:$R$104,">0"),0)
B10: TAHSİL EDİLMEMİŞ | C10: =MAX('Getiri Analizi'!E56-SUM('Kira Tahsilat'!$Q$5:$Q$104),0) | E10: ORT. AMORTİSMAN (yıl) | F10: =IFERROR(AVERAGEIF('Getiri Analizi'!$K$5:$K$54,">0"),0)
B12: Brüt getiri piyasa karşılaştırması, net getiri gerçek kazancınızdır. Net getiri mevduat faizinin altındaysa mülkü elde tutmanın alternatif maliyeti yüksek demektir. Otomatik hesaplama kapalıysa F9'a basın.

Sheet Listeler
A1: Listeler
A2: Açılır menüleri besler
B4: Mülk Tipi | C4: Durum
B5: Daire | C5: Aktif
B6: Dükkan | C6: Boş
B7: Ofis | C7: Tahliye
B8: Depo
B9: Arsa
B10: Villa
